Category,Id
cbb,test-img-0.jpg
cbb,test-img-1.jpg
cbb,test-img-2.jpg
cbb,test-img-3.jpg
healthy,test-img-4.jpg
healthy,test-img-5.jpg
cbb,test-img-6.jpg
healthy,test-img-7.jpg
cgm,test-img-8.jpg
healthy,test-img-9.jpg
healthy,test-img-10.jpg
cbb,test-img-11.jpg
cbsd,test-img-12.jpg
healthy,test-img-13.jpg
healthy,test-img-14.jpg
cbb,test-img-15.jpg
healthy,test-img-16.jpg
healthy,test-img-17.jpg
healthy,test-img-18.jpg
healthy,test-img-19.jpg
healthy,test-img-20.jpg
healthy,test-img-21.jpg
healthy,test-img-22.jpg
cbb,test-img-23.jpg
healthy,test-img-24.jpg
healthy,test-img-25.jpg
healthy,test-img-26.jpg
cbb,test-img-27.jpg
healthy,test-img-28.jpg
cbsd,test-img-29.jpg
cbsd,test-img-30.jpg
healthy,test-img-31.jpg
healthy,test-img-32.jpg
cmd,test-img-33.jpg
healthy,test-img-34.jpg
healthy,test-img-35.jpg
cbsd,test-img-36.jpg
cbb,test-img-37.jpg
cbb,test-img-38.jpg
healthy,test-img-39.jpg
healthy,test-img-40.jpg
healthy,test-img-41.jpg
cbb,test-img-42.jpg
cmd,test-img-43.jpg
healthy,test-img-44.jpg
healthy,test-img-45.jpg
healthy,test-img-46.jpg
healthy,test-img-47.jpg
healthy,test-img-48.jpg
cbb,test-img-49.jpg
healthy,test-img-50.jpg
cbb,test-img-51.jpg
healthy,test-img-52.jpg
healthy,test-img-53.jpg
cbsd,test-img-54.jpg
healthy,test-img-55.jpg
healthy,test-img-56.jpg
healthy,test-img-57.jpg
cbsd,test-img-58.jpg
cbb,test-img-59.jpg
cbsd,test-img-60.jpg
cbb,test-img-61.jpg
healthy,test-img-62.jpg
healthy,test-img-63.jpg
healthy,test-img-64.jpg
healthy,test-img-65.jpg
healthy,test-img-66.jpg
cbb,test-img-67.jpg
healthy,test-img-68.jpg
cbb,test-img-69.jpg
cbb,test-img-70.jpg
cbb,test-img-71.jpg
cbb,test-img-72.jpg
healthy,test-img-73.jpg
healthy,test-img-74.jpg
cmd,test-img-75.jpg
healthy,test-img-76.jpg
cgm,test-img-77.jpg
cbb,test-img-78.jpg
healthy,test-img-79.jpg
cmd,test-img-80.jpg
healthy,test-img-81.jpg
cbb,test-img-82.jpg
cgm,test-img-83.jpg
healthy,test-img-84.jpg
cbsd,test-img-85.jpg
healthy,test-img-86.jpg
healthy,test-img-87.jpg
healthy,test-img-88.jpg
healthy,test-img-89.jpg
cbb,test-img-90.jpg
cbb,test-img-91.jpg
healthy,test-img-92.jpg
healthy,test-img-93.jpg
healthy,test-img-94.jpg
healthy,test-img-95.jpg
cbb,test-img-96.jpg
cbb,test-img-97.jpg
cbb,test-img-98.jpg
healthy,test-img-99.jpg
healthy,test-img-100.jpg
healthy,test-img-101.jpg
cbb,test-img-102.jpg
healthy,test-img-103.jpg
healthy,test-img-104.jpg
cmd,test-img-105.jpg
healthy,test-img-106.jpg
cbb,test-img-107.jpg
healthy,test-img-108.jpg
healthy,test-img-109.jpg
healthy,test-img-110.jpg
healthy,test-img-111.jpg
cgm,test-img-112.jpg
healthy,test-img-113.jpg
healthy,test-img-114.jpg
cbb,test-img-115.jpg
healthy,test-img-116.jpg
cbb,test-img-117.jpg
healthy,test-img-118.jpg
cbb,test-img-119.jpg
cbb,test-img-120.jpg
healthy,test-img-121.jpg
cbb,test-img-122.jpg
cbb,test-img-123.jpg
healthy,test-img-124.jpg
healthy,test-img-125.jpg
cmd,test-img-126.jpg
healthy,test-img-127.jpg
cmd,test-img-128.jpg
cbsd,test-img-129.jpg
healthy,test-img-130.jpg
healthy,test-img-131.jpg
healthy,test-img-132.jpg
cbb,test-img-133.jpg
healthy,test-img-134.jpg
healthy,test-img-135.jpg
cbb,test-img-136.jpg
cbb,test-img-137.jpg
healthy,test-img-138.jpg
healthy,test-img-139.jpg
healthy,test-img-140.jpg
cbb,test-img-141.jpg
cbsd,test-img-142.jpg
cbb,test-img-143.jpg
cbb,test-img-144.jpg
cbb,test-img-145.jpg
healthy,test-img-146.jpg
healthy,test-img-147.jpg
cmd,test-img-148.jpg
cbb,test-img-149.jpg
healthy,test-img-150.jpg
healthy,test-img-151.jpg
cmd,test-img-152.jpg
healthy,test-img-153.jpg
healthy,test-img-154.jpg
healthy,test-img-155.jpg
healthy,test-img-156.jpg
cbb,test-img-157.jpg
healthy,test-img-158.jpg
healthy,test-img-159.jpg
healthy,test-img-160.jpg
healthy,test-img-161.jpg
cgm,test-img-162.jpg
healthy,test-img-163.jpg
cbb,test-img-164.jpg
cbsd,test-img-165.jpg
healthy,test-img-166.jpg
cgm,test-img-167.jpg
healthy,test-img-168.jpg
healthy,test-img-169.jpg
cgm,test-img-170.jpg
healthy,test-img-171.jpg
healthy,test-img-172.jpg
healthy,test-img-173.jpg
cbsd,test-img-174.jpg
cbb,test-img-175.jpg
healthy,test-img-176.jpg
healthy,test-img-177.jpg
healthy,test-img-178.jpg
cmd,test-img-179.jpg
cbb,test-img-180.jpg
cbb,test-img-181.jpg
cbb,test-img-182.jpg
cbb,test-img-183.jpg
healthy,test-img-184.jpg
cbsd,test-img-185.jpg
healthy,test-img-186.jpg
cmd,test-img-187.jpg
healthy,test-img-188.jpg
healthy,test-img-189.jpg
healthy,test-img-190.jpg
healthy,test-img-191.jpg
cbb,test-img-192.jpg
cgm,test-img-193.jpg
healthy,test-img-194.jpg
cmd,test-img-195.jpg
healthy,test-img-196.jpg
healthy,test-img-197.jpg
healthy,test-img-198.jpg
cbb,test-img-199.jpg
healthy,test-img-200.jpg
cbb,test-img-201.jpg
healthy,test-img-202.jpg
cbb,test-img-203.jpg
cbb,test-img-204.jpg
cbb,test-img-205.jpg
cbb,test-img-206.jpg
healthy,test-img-207.jpg
cbsd,test-img-208.jpg
healthy,test-img-209.jpg
cgm,test-img-210.jpg
cbb,test-img-211.jpg
healthy,test-img-212.jpg
healthy,test-img-213.jpg
healthy,test-img-214.jpg
cbb,test-img-215.jpg
cbsd,test-img-216.jpg
healthy,test-img-217.jpg
healthy,test-img-218.jpg
healthy,test-img-219.jpg
cmd,test-img-220.jpg
healthy,test-img-221.jpg
healthy,test-img-222.jpg
cbb,test-img-223.jpg
cbsd,test-img-224.jpg
healthy,test-img-225.jpg
cbb,test-img-226.jpg
cbsd,test-img-227.jpg
cbb,test-img-228.jpg
healthy,test-img-229.jpg
healthy,test-img-230.jpg
cbb,test-img-231.jpg
healthy,test-img-232.jpg
healthy,test-img-233.jpg
healthy,test-img-234.jpg
healthy,test-img-235.jpg
healthy,test-img-236.jpg
cbb,test-img-237.jpg
healthy,test-img-238.jpg
healthy,test-img-239.jpg
healthy,test-img-240.jpg
healthy,test-img-241.jpg
healthy,test-img-242.jpg
healthy,test-img-243.jpg
healthy,test-img-244.jpg
healthy,test-img-245.jpg
healthy,test-img-246.jpg
healthy,test-img-247.jpg
healthy,test-img-248.jpg
cgm,test-img-249.jpg
cmd,test-img-250.jpg
cgm,test-img-251.jpg
cbb,test-img-252.jpg
healthy,test-img-253.jpg
cbsd,test-img-254.jpg
cbb,test-img-255.jpg
healthy,test-img-256.jpg
healthy,test-img-257.jpg
cbb,test-img-258.jpg
healthy,test-img-259.jpg
healthy,test-img-260.jpg
healthy,test-img-261.jpg
healthy,test-img-262.jpg
healthy,test-img-263.jpg
healthy,test-img-264.jpg
healthy,test-img-265.jpg
cgm,test-img-266.jpg
cbb,test-img-267.jpg
cbb,test-img-268.jpg
healthy,test-img-269.jpg
cmd,test-img-270.jpg
cbb,test-img-271.jpg
healthy,test-img-272.jpg
healthy,test-img-273.jpg
cgm,test-img-274.jpg
healthy,test-img-275.jpg
healthy,test-img-276.jpg
healthy,test-img-277.jpg
healthy,test-img-278.jpg
healthy,test-img-279.jpg
healthy,test-img-280.jpg
healthy,test-img-281.jpg
cbsd,test-img-282.jpg
healthy,test-img-283.jpg
healthy,test-img-284.jpg
cbb,test-img-285.jpg
healthy,test-img-286.jpg
cbb,test-img-287.jpg
healthy,test-img-288.jpg
healthy,test-img-289.jpg
healthy,test-img-290.jpg
cbsd,test-img-291.jpg
cbsd,test-img-292.jpg
healthy,test-img-293.jpg
healthy,test-img-294.jpg
cbb,test-img-295.jpg
healthy,test-img-296.jpg
healthy,test-img-297.jpg
healthy,test-img-298.jpg
cgm,test-img-299.jpg
cbb,test-img-300.jpg
cbb,test-img-301.jpg
healthy,test-img-302.jpg
healthy,test-img-303.jpg
cbb,test-img-304.jpg
cbb,test-img-305.jpg
healthy,test-img-306.jpg
healthy,test-img-307.jpg
cmd,test-img-308.jpg
healthy,test-img-309.jpg
healthy,test-img-310.jpg
cbsd,test-img-311.jpg
healthy,test-img-312.jpg
healthy,test-img-313.jpg
healthy,test-img-314.jpg
healthy,test-img-315.jpg
cgm,test-img-316.jpg
healthy,test-img-317.jpg
cbb,test-img-318.jpg
cbb,test-img-319.jpg
healthy,test-img-320.jpg
cgm,test-img-321.jpg
healthy,test-img-322.jpg
healthy,test-img-323.jpg
healthy,test-img-324.jpg
cbb,test-img-325.jpg
healthy,test-img-326.jpg
cbb,test-img-327.jpg
cbb,test-img-328.jpg
healthy,test-img-329.jpg
cbb,test-img-330.jpg
healthy,test-img-331.jpg
healthy,test-img-332.jpg
cbsd,test-img-333.jpg
healthy,test-img-334.jpg
healthy,test-img-335.jpg
healthy,test-img-336.jpg
cbb,test-img-337.jpg
healthy,test-img-338.jpg
cbb,test-img-339.jpg
cmd,test-img-340.jpg
healthy,test-img-341.jpg
healthy,test-img-342.jpg
cgm,test-img-343.jpg
cbb,test-img-344.jpg
cbb,test-img-345.jpg
cbb,test-img-346.jpg
healthy,test-img-347.jpg
healthy,test-img-348.jpg
healthy,test-img-349.jpg
healthy,test-img-350.jpg
cbb,test-img-351.jpg
cgm,test-img-352.jpg
cbb,test-img-353.jpg
cbb,test-img-354.jpg
healthy,test-img-355.jpg
healthy,test-img-356.jpg
cbsd,test-img-357.jpg
cbb,test-img-358.jpg
cbb,test-img-359.jpg
healthy,test-img-360.jpg
healthy,test-img-361.jpg
healthy,test-img-362.jpg
healthy,test-img-363.jpg
cbsd,test-img-364.jpg
healthy,test-img-365.jpg
healthy,test-img-366.jpg
cbb,test-img-367.jpg
healthy,test-img-368.jpg
cbb,test-img-369.jpg
cbb,test-img-370.jpg
healthy,test-img-371.jpg
healthy,test-img-372.jpg
cbsd,test-img-373.jpg
cbsd,test-img-374.jpg
healthy,test-img-375.jpg
healthy,test-img-376.jpg
cbb,test-img-377.jpg
cbsd,test-img-378.jpg
cbb,test-img-379.jpg
healthy,test-img-380.jpg
cbsd,test-img-381.jpg
cmd,test-img-382.jpg
cmd,test-img-383.jpg
healthy,test-img-384.jpg
cbsd,test-img-385.jpg
cbsd,test-img-386.jpg
cbb,test-img-387.jpg
cmd,test-img-388.jpg
healthy,test-img-389.jpg
healthy,test-img-390.jpg
healthy,test-img-391.jpg
healthy,test-img-392.jpg
cbb,test-img-393.jpg
healthy,test-img-394.jpg
cmd,test-img-395.jpg
cbsd,test-img-396.jpg
cbb,test-img-397.jpg
healthy,test-img-398.jpg
healthy,test-img-399.jpg
cbsd,test-img-400.jpg
healthy,test-img-401.jpg
cmd,test-img-402.jpg
cmd,test-img-403.jpg
healthy,test-img-404.jpg
healthy,test-img-405.jpg
healthy,test-img-406.jpg
healthy,test-img-407.jpg
healthy,test-img-408.jpg
cbb,test-img-409.jpg
cbsd,test-img-410.jpg
cmd,test-img-411.jpg
healthy,test-img-412.jpg
healthy,test-img-413.jpg
cgm,test-img-414.jpg
healthy,test-img-415.jpg
cbb,test-img-416.jpg
healthy,test-img-417.jpg
cbsd,test-img-418.jpg
cbb,test-img-419.jpg
healthy,test-img-420.jpg
cgm,test-img-421.jpg
cbsd,test-img-422.jpg
cbb,test-img-423.jpg
cbb,test-img-424.jpg
cbb,test-img-425.jpg
healthy,test-img-426.jpg
healthy,test-img-427.jpg
cbb,test-img-428.jpg
healthy,test-img-429.jpg
healthy,test-img-430.jpg
healthy,test-img-431.jpg
cbb,test-img-432.jpg
cbb,test-img-433.jpg
healthy,test-img-434.jpg
cbsd,test-img-435.jpg
cbb,test-img-436.jpg
cbb,test-img-437.jpg
cbb,test-img-438.jpg
cbb,test-img-439.jpg
cbb,test-img-440.jpg
cbsd,test-img-441.jpg
cbb,test-img-442.jpg
healthy,test-img-443.jpg
cbsd,test-img-444.jpg
healthy,test-img-445.jpg
cbb,test-img-446.jpg
healthy,test-img-447.jpg
healthy,test-img-448.jpg
healthy,test-img-449.jpg
cmd,test-img-450.jpg
cbb,test-img-451.jpg
cmd,test-img-452.jpg
healthy,test-img-453.jpg
cbb,test-img-454.jpg
cgm,test-img-455.jpg
healthy,test-img-456.jpg
healthy,test-img-457.jpg
healthy,test-img-458.jpg
healthy,test-img-459.jpg
healthy,test-img-460.jpg
cbb,test-img-461.jpg
healthy,test-img-462.jpg
cbb,test-img-463.jpg
cmd,test-img-464.jpg
healthy,test-img-465.jpg
cbb,test-img-466.jpg
cbb,test-img-467.jpg
healthy,test-img-468.jpg
healthy,test-img-469.jpg
healthy,test-img-470.jpg
healthy,test-img-471.jpg
healthy,test-img-472.jpg
healthy,test-img-473.jpg
healthy,test-img-474.jpg
cbsd,test-img-475.jpg
cgm,test-img-476.jpg
cbsd,test-img-477.jpg
healthy,test-img-478.jpg
cgm,test-img-479.jpg
cbb,test-img-480.jpg
healthy,test-img-481.jpg
healthy,test-img-482.jpg
healthy,test-img-483.jpg
healthy,test-img-484.jpg
healthy,test-img-485.jpg
healthy,test-img-486.jpg
cmd,test-img-487.jpg
healthy,test-img-488.jpg
healthy,test-img-489.jpg
cmd,test-img-490.jpg
healthy,test-img-491.jpg
cbsd,test-img-492.jpg
healthy,test-img-493.jpg
healthy,test-img-494.jpg
healthy,test-img-495.jpg
cbb,test-img-496.jpg
healthy,test-img-497.jpg
healthy,test-img-498.jpg
healthy,test-img-499.jpg
cbb,test-img-500.jpg
healthy,test-img-501.jpg
healthy,test-img-502.jpg
cmd,test-img-503.jpg
cbsd,test-img-504.jpg
healthy,test-img-505.jpg
healthy,test-img-506.jpg
cbb,test-img-507.jpg
cbb,test-img-508.jpg
healthy,test-img-509.jpg
healthy,test-img-510.jpg
cbb,test-img-511.jpg
healthy,test-img-512.jpg
cbb,test-img-513.jpg
cbb,test-img-514.jpg
healthy,test-img-515.jpg
cbb,test-img-516.jpg
cbb,test-img-517.jpg
cgm,test-img-518.jpg
healthy,test-img-519.jpg
healthy,test-img-520.jpg
healthy,test-img-521.jpg
cmd,test-img-522.jpg
cbsd,test-img-523.jpg
cbb,test-img-524.jpg
healthy,test-img-525.jpg
cbb,test-img-526.jpg
healthy,test-img-527.jpg
healthy,test-img-528.jpg
healthy,test-img-529.jpg
healthy,test-img-530.jpg
cbb,test-img-531.jpg
cbsd,test-img-532.jpg
healthy,test-img-533.jpg
cbsd,test-img-534.jpg
cgm,test-img-535.jpg
healthy,test-img-536.jpg
cbb,test-img-537.jpg
healthy,test-img-538.jpg
cbb,test-img-539.jpg
cbb,test-img-540.jpg
healthy,test-img-541.jpg
cbsd,test-img-542.jpg
healthy,test-img-543.jpg
cbb,test-img-544.jpg
healthy,test-img-545.jpg
cbsd,test-img-546.jpg
healthy,test-img-547.jpg
cmd,test-img-548.jpg
cbb,test-img-549.jpg
cbb,test-img-550.jpg
cbsd,test-img-551.jpg
healthy,test-img-552.jpg
cbsd,test-img-553.jpg
healthy,test-img-554.jpg
cbb,test-img-555.jpg
healthy,test-img-556.jpg
healthy,test-img-557.jpg
healthy,test-img-558.jpg
cmd,test-img-559.jpg
healthy,test-img-560.jpg
cmd,test-img-561.jpg
healthy,test-img-562.jpg
healthy,test-img-563.jpg
healthy,test-img-564.jpg
cbsd,test-img-565.jpg
healthy,test-img-566.jpg
healthy,test-img-567.jpg
cbsd,test-img-568.jpg
cbb,test-img-569.jpg
cbb,test-img-570.jpg
healthy,test-img-571.jpg
healthy,test-img-572.jpg
healthy,test-img-573.jpg
healthy,test-img-574.jpg
cbb,test-img-575.jpg
healthy,test-img-576.jpg
cbsd,test-img-577.jpg
healthy,test-img-578.jpg
healthy,test-img-579.jpg
cbsd,test-img-580.jpg
cgm,test-img-581.jpg
healthy,test-img-582.jpg
cmd,test-img-583.jpg
healthy,test-img-584.jpg
healthy,test-img-585.jpg
cbb,test-img-586.jpg
healthy,test-img-587.jpg
cbsd,test-img-588.jpg
healthy,test-img-589.jpg
healthy,test-img-590.jpg
cbb,test-img-591.jpg
healthy,test-img-592.jpg
healthy,test-img-593.jpg
cbb,test-img-594.jpg
cbsd,test-img-595.jpg
cbb,test-img-596.jpg
healthy,test-img-597.jpg
cbb,test-img-598.jpg
healthy,test-img-599.jpg
healthy,test-img-600.jpg
healthy,test-img-601.jpg
cbsd,test-img-602.jpg
healthy,test-img-603.jpg
healthy,test-img-604.jpg
cgm,test-img-605.jpg
cbb,test-img-606.jpg
cbb,test-img-607.jpg
healthy,test-img-608.jpg
cmd,test-img-609.jpg
healthy,test-img-610.jpg
cbb,test-img-611.jpg
cbb,test-img-612.jpg
healthy,test-img-613.jpg
healthy,test-img-614.jpg
cbb,test-img-615.jpg
healthy,test-img-616.jpg
cbb,test-img-617.jpg
healthy,test-img-618.jpg
healthy,test-img-619.jpg
cmd,test-img-620.jpg
healthy,test-img-621.jpg
healthy,test-img-622.jpg
cmd,test-img-623.jpg
cbsd,test-img-624.jpg
healthy,test-img-625.jpg
healthy,test-img-626.jpg
cbb,test-img-627.jpg
healthy,test-img-628.jpg
healthy,test-img-629.jpg
healthy,test-img-630.jpg
cbsd,test-img-631.jpg
cbb,test-img-632.jpg
healthy,test-img-633.jpg
healthy,test-img-634.jpg
cgm,test-img-635.jpg
healthy,test-img-636.jpg
healthy,test-img-637.jpg
cbsd,test-img-638.jpg
healthy,test-img-639.jpg
cbb,test-img-640.jpg
cbb,test-img-641.jpg
healthy,test-img-642.jpg
cbb,test-img-643.jpg
healthy,test-img-644.jpg
healthy,test-img-645.jpg
cbsd,test-img-646.jpg
cbb,test-img-647.jpg
healthy,test-img-648.jpg
healthy,test-img-649.jpg
cgm,test-img-650.jpg
healthy,test-img-651.jpg
healthy,test-img-652.jpg
healthy,test-img-653.jpg
cbb,test-img-654.jpg
healthy,test-img-655.jpg
healthy,test-img-656.jpg
cbb,test-img-657.jpg
healthy,test-img-658.jpg
healthy,test-img-659.jpg
healthy,test-img-660.jpg
cbb,test-img-661.jpg
cbsd,test-img-662.jpg
healthy,test-img-663.jpg
healthy,test-img-664.jpg
healthy,test-img-665.jpg
cbb,test-img-666.jpg
cbb,test-img-667.jpg
cbb,test-img-668.jpg
healthy,test-img-669.jpg
healthy,test-img-670.jpg
cbsd,test-img-671.jpg
healthy,test-img-672.jpg
healthy,test-img-673.jpg
cmd,test-img-674.jpg
cmd,test-img-675.jpg
healthy,test-img-676.jpg
healthy,test-img-677.jpg
healthy,test-img-678.jpg
cbb,test-img-679.jpg
healthy,test-img-680.jpg
healthy,test-img-681.jpg
healthy,test-img-682.jpg
healthy,test-img-683.jpg
healthy,test-img-684.jpg
healthy,test-img-685.jpg
healthy,test-img-686.jpg
healthy,test-img-687.jpg
cbb,test-img-688.jpg
healthy,test-img-689.jpg
cbb,test-img-690.jpg
cmd,test-img-691.jpg
healthy,test-img-692.jpg
healthy,test-img-693.jpg
healthy,test-img-694.jpg
cmd,test-img-695.jpg
cbb,test-img-696.jpg
healthy,test-img-697.jpg
cbsd,test-img-698.jpg
healthy,test-img-699.jpg
healthy,test-img-700.jpg
cbb,test-img-701.jpg
healthy,test-img-702.jpg
cbb,test-img-703.jpg
cbb,test-img-704.jpg
healthy,test-img-705.jpg
healthy,test-img-706.jpg
healthy,test-img-707.jpg
healthy,test-img-708.jpg
healthy,test-img-709.jpg
healthy,test-img-710.jpg
healthy,test-img-711.jpg
cbb,test-img-712.jpg
cbb,test-img-713.jpg
cbb,test-img-714.jpg
cgm,test-img-715.jpg
healthy,test-img-716.jpg
healthy,test-img-717.jpg
healthy,test-img-718.jpg
cbb,test-img-719.jpg
healthy,test-img-720.jpg
cbb,test-img-721.jpg
healthy,test-img-722.jpg
cgm,test-img-723.jpg
cmd,test-img-724.jpg
healthy,test-img-725.jpg
cmd,test-img-726.jpg
healthy,test-img-727.jpg
healthy,test-img-728.jpg
cmd,test-img-729.jpg
healthy,test-img-730.jpg
cbsd,test-img-731.jpg
cbb,test-img-732.jpg
cmd,test-img-733.jpg
cmd,test-img-734.jpg
cbsd,test-img-735.jpg
healthy,test-img-736.jpg
healthy,test-img-737.jpg
cgm,test-img-738.jpg
cbb,test-img-739.jpg
cbb,test-img-740.jpg
healthy,test-img-741.jpg
cbb,test-img-742.jpg
cbb,test-img-743.jpg
healthy,test-img-744.jpg
cbb,test-img-745.jpg
cgm,test-img-746.jpg
cbb,test-img-747.jpg
healthy,test-img-748.jpg
cbsd,test-img-749.jpg
cbb,test-img-750.jpg
healthy,test-img-751.jpg
cbb,test-img-752.jpg
cbsd,test-img-753.jpg
cbsd,test-img-754.jpg
cbb,test-img-755.jpg
healthy,test-img-756.jpg
cbsd,test-img-757.jpg
healthy,test-img-758.jpg
cbb,test-img-759.jpg
healthy,test-img-760.jpg
healthy,test-img-761.jpg
cbb,test-img-762.jpg
cbsd,test-img-763.jpg
healthy,test-img-764.jpg
cbb,test-img-765.jpg
healthy,test-img-766.jpg
cbb,test-img-767.jpg
healthy,test-img-768.jpg
healthy,test-img-769.jpg
cbsd,test-img-770.jpg
cbsd,test-img-771.jpg
healthy,test-img-772.jpg
healthy,test-img-773.jpg
cbb,test-img-774.jpg
cbsd,test-img-775.jpg
healthy,test-img-776.jpg
cgm,test-img-777.jpg
healthy,test-img-778.jpg
healthy,test-img-779.jpg
healthy,test-img-780.jpg
cbb,test-img-781.jpg
cmd,test-img-782.jpg
healthy,test-img-783.jpg
cbb,test-img-784.jpg
healthy,test-img-785.jpg
cgm,test-img-786.jpg
healthy,test-img-787.jpg
healthy,test-img-788.jpg
cbsd,test-img-789.jpg
cbsd,test-img-790.jpg
healthy,test-img-791.jpg
healthy,test-img-792.jpg
healthy,test-img-793.jpg
cbsd,test-img-794.jpg
cbb,test-img-795.jpg
healthy,test-img-796.jpg
healthy,test-img-797.jpg
cbb,test-img-798.jpg
healthy,test-img-799.jpg
cbb,test-img-800.jpg
healthy,test-img-801.jpg
healthy,test-img-802.jpg
healthy,test-img-803.jpg
healthy,test-img-804.jpg
healthy,test-img-805.jpg
healthy,test-img-806.jpg
healthy,test-img-807.jpg
healthy,test-img-808.jpg
cbb,test-img-809.jpg
cbb,test-img-810.jpg
cbb,test-img-811.jpg
cbb,test-img-812.jpg
healthy,test-img-813.jpg
cbb,test-img-814.jpg
healthy,test-img-815.jpg
healthy,test-img-816.jpg
healthy,test-img-817.jpg
healthy,test-img-818.jpg
healthy,test-img-819.jpg
cbb,test-img-820.jpg
cbb,test-img-821.jpg
healthy,test-img-822.jpg
healthy,test-img-823.jpg
healthy,test-img-824.jpg
healthy,test-img-825.jpg
healthy,test-img-826.jpg
healthy,test-img-827.jpg
healthy,test-img-828.jpg
healthy,test-img-829.jpg
cmd,test-img-830.jpg
healthy,test-img-831.jpg
healthy,test-img-832.jpg
healthy,test-img-833.jpg
healthy,test-img-834.jpg
healthy,test-img-835.jpg
healthy,test-img-836.jpg
healthy,test-img-837.jpg
healthy,test-img-838.jpg
healthy,test-img-839.jpg
cbsd,test-img-840.jpg
healthy,test-img-841.jpg
healthy,test-img-842.jpg
healthy,test-img-843.jpg
healthy,test-img-844.jpg
cbsd,test-img-845.jpg
healthy,test-img-846.jpg
cbb,test-img-847.jpg
healthy,test-img-848.jpg
cmd,test-img-849.jpg
healthy,test-img-850.jpg
cbsd,test-img-851.jpg
healthy,test-img-852.jpg
healthy,test-img-853.jpg
healthy,test-img-854.jpg
cbb,test-img-855.jpg
cbb,test-img-856.jpg
cbb,test-img-857.jpg
healthy,test-img-858.jpg
healthy,test-img-859.jpg
healthy,test-img-860.jpg
healthy,test-img-861.jpg
cbb,test-img-862.jpg
healthy,test-img-863.jpg
cbb,test-img-864.jpg
cbb,test-img-865.jpg
healthy,test-img-866.jpg
healthy,test-img-867.jpg
cbb,test-img-868.jpg
healthy,test-img-869.jpg
cmd,test-img-870.jpg
cbsd,test-img-871.jpg
healthy,test-img-872.jpg
healthy,test-img-873.jpg
healthy,test-img-874.jpg
healthy,test-img-875.jpg
healthy,test-img-876.jpg
healthy,test-img-877.jpg
healthy,test-img-878.jpg
healthy,test-img-879.jpg
healthy,test-img-880.jpg
cbb,test-img-881.jpg
healthy,test-img-882.jpg
cbb,test-img-883.jpg
cgm,test-img-884.jpg
healthy,test-img-885.jpg
healthy,test-img-886.jpg
cbb,test-img-887.jpg
healthy,test-img-888.jpg
cmd,test-img-889.jpg
cbb,test-img-890.jpg
healthy,test-img-891.jpg
cbb,test-img-892.jpg
healthy,test-img-893.jpg
healthy,test-img-894.jpg
cbb,test-img-895.jpg
healthy,test-img-896.jpg
cbb,test-img-897.jpg
healthy,test-img-898.jpg
healthy,test-img-899.jpg
cbb,test-img-900.jpg
healthy,test-img-901.jpg
healthy,test-img-902.jpg
healthy,test-img-903.jpg
cmd,test-img-904.jpg
cbb,test-img-905.jpg
healthy,test-img-906.jpg
healthy,test-img-907.jpg
cmd,test-img-908.jpg
healthy,test-img-909.jpg
cbb,test-img-910.jpg
cmd,test-img-911.jpg
healthy,test-img-912.jpg
healthy,test-img-913.jpg
healthy,test-img-914.jpg
healthy,test-img-915.jpg
healthy,test-img-916.jpg
healthy,test-img-917.jpg
healthy,test-img-918.jpg
healthy,test-img-919.jpg
healthy,test-img-920.jpg
cbsd,test-img-921.jpg
healthy,test-img-922.jpg
healthy,test-img-923.jpg
healthy,test-img-924.jpg
cbsd,test-img-925.jpg
cbb,test-img-926.jpg
cbsd,test-img-927.jpg
healthy,test-img-928.jpg
healthy,test-img-929.jpg
cbb,test-img-930.jpg
cbb,test-img-931.jpg
healthy,test-img-932.jpg
healthy,test-img-933.jpg
healthy,test-img-934.jpg
healthy,test-img-935.jpg
cmd,test-img-936.jpg
cbb,test-img-937.jpg
healthy,test-img-938.jpg
healthy,test-img-939.jpg
healthy,test-img-940.jpg
healthy,test-img-941.jpg
cmd,test-img-942.jpg
cbb,test-img-943.jpg
cmd,test-img-944.jpg
healthy,test-img-945.jpg
healthy,test-img-946.jpg
healthy,test-img-947.jpg
cbb,test-img-948.jpg
healthy,test-img-949.jpg
healthy,test-img-950.jpg
cbb,test-img-951.jpg
cmd,test-img-952.jpg
healthy,test-img-953.jpg
cbsd,test-img-954.jpg
healthy,test-img-955.jpg
cbb,test-img-956.jpg
healthy,test-img-957.jpg
healthy,test-img-958.jpg
cmd,test-img-959.jpg
cbb,test-img-960.jpg
healthy,test-img-961.jpg
healthy,test-img-962.jpg
cbsd,test-img-963.jpg
cbsd,test-img-964.jpg
cbb,test-img-965.jpg
healthy,test-img-966.jpg
healthy,test-img-967.jpg
healthy,test-img-968.jpg
cbb,test-img-969.jpg
cbb,test-img-970.jpg
healthy,test-img-971.jpg
healthy,test-img-972.jpg
healthy,test-img-973.jpg
cbsd,test-img-974.jpg
healthy,test-img-975.jpg
healthy,test-img-976.jpg
healthy,test-img-977.jpg
healthy,test-img-978.jpg
healthy,test-img-979.jpg
healthy,test-img-980.jpg
healthy,test-img-981.jpg
healthy,test-img-982.jpg
healthy,test-img-983.jpg
cgm,test-img-984.jpg
cbb,test-img-985.jpg
cbb,test-img-986.jpg
cbb,test-img-987.jpg
healthy,test-img-988.jpg
cmd,test-img-989.jpg
healthy,test-img-990.jpg
healthy,test-img-991.jpg
healthy,test-img-992.jpg
cbb,test-img-993.jpg
cbb,test-img-994.jpg
cbb,test-img-995.jpg
cbb,test-img-996.jpg
healthy,test-img-997.jpg
healthy,test-img-998.jpg
healthy,test-img-999.jpg
cbsd,test-img-1000.jpg
healthy,test-img-1001.jpg
cbb,test-img-1002.jpg
cbb,test-img-1003.jpg
healthy,test-img-1004.jpg
cbsd,test-img-1005.jpg
healthy,test-img-1006.jpg
healthy,test-img-1007.jpg
cbb,test-img-1008.jpg
cbsd,test-img-1009.jpg
cbsd,test-img-1010.jpg
healthy,test-img-1011.jpg
cbb,test-img-1012.jpg
healthy,test-img-1013.jpg
healthy,test-img-1014.jpg
healthy,test-img-1015.jpg
cbb,test-img-1016.jpg
cmd,test-img-1017.jpg
healthy,test-img-1018.jpg
healthy,test-img-1019.jpg
cbb,test-img-1020.jpg
healthy,test-img-1021.jpg
cbb,test-img-1022.jpg
healthy,test-img-1023.jpg
healthy,test-img-1024.jpg
cbb,test-img-1025.jpg
cmd,test-img-1026.jpg
healthy,test-img-1027.jpg
healthy,test-img-1028.jpg
healthy,test-img-1029.jpg
cbb,test-img-1030.jpg
cbb,test-img-1031.jpg
cbb,test-img-1032.jpg
healthy,test-img-1033.jpg
cbsd,test-img-1034.jpg
healthy,test-img-1035.jpg
healthy,test-img-1036.jpg
cgm,test-img-1037.jpg
cbb,test-img-1038.jpg
healthy,test-img-1039.jpg
cbsd,test-img-1040.jpg
healthy,test-img-1041.jpg
healthy,test-img-1042.jpg
cbb,test-img-1043.jpg
cbb,test-img-1044.jpg
healthy,test-img-1045.jpg
cbb,test-img-1046.jpg
cgm,test-img-1047.jpg
cgm,test-img-1048.jpg
healthy,test-img-1049.jpg
healthy,test-img-1050.jpg
cbb,test-img-1051.jpg
healthy,test-img-1052.jpg
cmd,test-img-1053.jpg
healthy,test-img-1054.jpg
cbsd,test-img-1055.jpg
healthy,test-img-1056.jpg
healthy,test-img-1057.jpg
cbsd,test-img-1058.jpg
cbsd,test-img-1059.jpg
cbb,test-img-1060.jpg
cbsd,test-img-1061.jpg
cbsd,test-img-1062.jpg
healthy,test-img-1063.jpg
healthy,test-img-1064.jpg
cmd,test-img-1065.jpg
healthy,test-img-1066.jpg
cbsd,test-img-1067.jpg
cbb,test-img-1068.jpg
healthy,test-img-1069.jpg
healthy,test-img-1070.jpg
healthy,test-img-1071.jpg
cbb,test-img-1072.jpg
cbb,test-img-1073.jpg
cbsd,test-img-1074.jpg
cbsd,test-img-1075.jpg
cgm,test-img-1076.jpg
cbsd,test-img-1077.jpg
cbb,test-img-1078.jpg
cbb,test-img-1079.jpg
cbb,test-img-1080.jpg
cbb,test-img-1081.jpg
cbb,test-img-1082.jpg
cmd,test-img-1083.jpg
cbsd,test-img-1084.jpg
healthy,test-img-1085.jpg
healthy,test-img-1086.jpg
cbb,test-img-1087.jpg
cbb,test-img-1088.jpg
cbb,test-img-1089.jpg
cbb,test-img-1090.jpg
cbb,test-img-1091.jpg
healthy,test-img-1092.jpg
cbb,test-img-1093.jpg
healthy,test-img-1094.jpg
healthy,test-img-1095.jpg
healthy,test-img-1096.jpg
cmd,test-img-1097.jpg
cbb,test-img-1098.jpg
cgm,test-img-1099.jpg
cgm,test-img-1100.jpg
healthy,test-img-1101.jpg
cmd,test-img-1102.jpg
cbsd,test-img-1103.jpg
cbb,test-img-1104.jpg
healthy,test-img-1105.jpg
healthy,test-img-1106.jpg
cbsd,test-img-1107.jpg
healthy,test-img-1108.jpg
healthy,test-img-1109.jpg
cbsd,test-img-1110.jpg
cbsd,test-img-1111.jpg
cbsd,test-img-1112.jpg
cbsd,test-img-1113.jpg
cbsd,test-img-1114.jpg
healthy,test-img-1115.jpg
cbb,test-img-1116.jpg
healthy,test-img-1117.jpg
cbsd,test-img-1118.jpg
cbb,test-img-1119.jpg
cbb,test-img-1120.jpg
healthy,test-img-1121.jpg
cbb,test-img-1122.jpg
cbb,test-img-1123.jpg
healthy,test-img-1124.jpg
healthy,test-img-1125.jpg
cbb,test-img-1126.jpg
cbb,test-img-1127.jpg
healthy,test-img-1128.jpg
healthy,test-img-1129.jpg
healthy,test-img-1130.jpg
healthy,test-img-1131.jpg
healthy,test-img-1132.jpg
cbsd,test-img-1133.jpg
cbb,test-img-1134.jpg
cmd,test-img-1135.jpg
cbsd,test-img-1136.jpg
cgm,test-img-1137.jpg
healthy,test-img-1138.jpg
cbb,test-img-1139.jpg
healthy,test-img-1140.jpg
healthy,test-img-1141.jpg
healthy,test-img-1142.jpg
healthy,test-img-1143.jpg
cgm,test-img-1144.jpg
healthy,test-img-1145.jpg
cbb,test-img-1146.jpg
healthy,test-img-1147.jpg
cbb,test-img-1148.jpg
healthy,test-img-1149.jpg
cmd,test-img-1150.jpg
healthy,test-img-1151.jpg
cbb,test-img-1152.jpg
healthy,test-img-1153.jpg
healthy,test-img-1154.jpg
cbsd,test-img-1155.jpg
healthy,test-img-1156.jpg
healthy,test-img-1157.jpg
healthy,test-img-1158.jpg
healthy,test-img-1159.jpg
healthy,test-img-1160.jpg
cbb,test-img-1161.jpg
healthy,test-img-1162.jpg
healthy,test-img-1163.jpg
healthy,test-img-1164.jpg
cmd,test-img-1165.jpg
healthy,test-img-1166.jpg
healthy,test-img-1167.jpg
healthy,test-img-1168.jpg
cmd,test-img-1169.jpg
healthy,test-img-1170.jpg
cbb,test-img-1171.jpg
cbb,test-img-1172.jpg
healthy,test-img-1173.jpg
cmd,test-img-1174.jpg
healthy,test-img-1175.jpg
healthy,test-img-1176.jpg
healthy,test-img-1177.jpg
cbsd,test-img-1178.jpg
healthy,test-img-1179.jpg
healthy,test-img-1180.jpg
healthy,test-img-1181.jpg
healthy,test-img-1182.jpg
healthy,test-img-1183.jpg
healthy,test-img-1184.jpg
healthy,test-img-1185.jpg
healthy,test-img-1186.jpg
healthy,test-img-1187.jpg
healthy,test-img-1188.jpg
cbsd,test-img-1189.jpg
healthy,test-img-1190.jpg
healthy,test-img-1191.jpg
healthy,test-img-1192.jpg
cbb,test-img-1193.jpg
healthy,test-img-1194.jpg
cbsd,test-img-1195.jpg
healthy,test-img-1196.jpg
healthy,test-img-1197.jpg
cbb,test-img-1198.jpg
cgm,test-img-1199.jpg
cbb,test-img-1200.jpg
healthy,test-img-1201.jpg
healthy,test-img-1202.jpg
healthy,test-img-1203.jpg
cgm,test-img-1204.jpg
healthy,test-img-1205.jpg
healthy,test-img-1206.jpg
healthy,test-img-1207.jpg
healthy,test-img-1208.jpg
cbsd,test-img-1209.jpg
healthy,test-img-1210.jpg
healthy,test-img-1211.jpg
cbb,test-img-1212.jpg
healthy,test-img-1213.jpg
healthy,test-img-1214.jpg
healthy,test-img-1215.jpg
cbb,test-img-1216.jpg
healthy,test-img-1217.jpg
cbsd,test-img-1218.jpg
cmd,test-img-1219.jpg
healthy,test-img-1220.jpg
cbb,test-img-1221.jpg
healthy,test-img-1222.jpg
cmd,test-img-1223.jpg
cbsd,test-img-1224.jpg
healthy,test-img-1225.jpg
healthy,test-img-1226.jpg
healthy,test-img-1227.jpg
healthy,test-img-1228.jpg
cbb,test-img-1229.jpg
healthy,test-img-1230.jpg
cbsd,test-img-1231.jpg
healthy,test-img-1232.jpg
cbb,test-img-1233.jpg
cbb,test-img-1234.jpg
healthy,test-img-1235.jpg
cgm,test-img-1236.jpg
healthy,test-img-1237.jpg
cbb,test-img-1238.jpg
cbb,test-img-1239.jpg
cgm,test-img-1240.jpg
cbb,test-img-1241.jpg
healthy,test-img-1242.jpg
healthy,test-img-1243.jpg
healthy,test-img-1244.jpg
healthy,test-img-1245.jpg
cbsd,test-img-1246.jpg
healthy,test-img-1247.jpg
healthy,test-img-1248.jpg
cbb,test-img-1249.jpg
healthy,test-img-1250.jpg
cbb,test-img-1251.jpg
healthy,test-img-1252.jpg
healthy,test-img-1253.jpg
cmd,test-img-1254.jpg
healthy,test-img-1255.jpg
cbb,test-img-1256.jpg
cbb,test-img-1257.jpg
cbb,test-img-1258.jpg
healthy,test-img-1259.jpg
cbb,test-img-1260.jpg
healthy,test-img-1261.jpg
cmd,test-img-1262.jpg
cbsd,test-img-1263.jpg
healthy,test-img-1264.jpg
cbb,test-img-1265.jpg
healthy,test-img-1266.jpg
cmd,test-img-1267.jpg
healthy,test-img-1268.jpg
healthy,test-img-1269.jpg
cbb,test-img-1270.jpg
cbb,test-img-1271.jpg
healthy,test-img-1272.jpg
healthy,test-img-1273.jpg
healthy,test-img-1274.jpg
healthy,test-img-1275.jpg
cbsd,test-img-1276.jpg
cgm,test-img-1277.jpg
cbb,test-img-1278.jpg
healthy,test-img-1279.jpg
healthy,test-img-1280.jpg
healthy,test-img-1281.jpg
cbsd,test-img-1282.jpg
healthy,test-img-1283.jpg
cbb,test-img-1284.jpg
cbb,test-img-1285.jpg
cbb,test-img-1286.jpg
cbb,test-img-1287.jpg
healthy,test-img-1288.jpg
cbsd,test-img-1289.jpg
healthy,test-img-1290.jpg
cgm,test-img-1291.jpg
healthy,test-img-1292.jpg
cbsd,test-img-1293.jpg
healthy,test-img-1294.jpg
cgm,test-img-1295.jpg
healthy,test-img-1296.jpg
cbb,test-img-1297.jpg
healthy,test-img-1298.jpg
healthy,test-img-1299.jpg
healthy,test-img-1300.jpg
healthy,test-img-1301.jpg
healthy,test-img-1302.jpg
healthy,test-img-1303.jpg
healthy,test-img-1304.jpg
healthy,test-img-1305.jpg
healthy,test-img-1306.jpg
healthy,test-img-1307.jpg
cbsd,test-img-1308.jpg
cbb,test-img-1309.jpg
cmd,test-img-1310.jpg
healthy,test-img-1311.jpg
cbb,test-img-1312.jpg
cbsd,test-img-1313.jpg
healthy,test-img-1314.jpg
healthy,test-img-1315.jpg
cbb,test-img-1316.jpg
healthy,test-img-1317.jpg
healthy,test-img-1318.jpg
healthy,test-img-1319.jpg
cmd,test-img-1320.jpg
healthy,test-img-1321.jpg
healthy,test-img-1322.jpg
healthy,test-img-1323.jpg
cbb,test-img-1324.jpg
cbb,test-img-1325.jpg
cbb,test-img-1326.jpg
healthy,test-img-1327.jpg
healthy,test-img-1328.jpg
healthy,test-img-1329.jpg
cbb,test-img-1330.jpg
healthy,test-img-1331.jpg
cbb,test-img-1332.jpg
cmd,test-img-1333.jpg
cmd,test-img-1334.jpg
cbsd,test-img-1335.jpg
healthy,test-img-1336.jpg
cbb,test-img-1337.jpg
healthy,test-img-1338.jpg
cbsd,test-img-1339.jpg
cbb,test-img-1340.jpg
cbsd,test-img-1341.jpg
healthy,test-img-1342.jpg
cgm,test-img-1343.jpg
healthy,test-img-1344.jpg
healthy,test-img-1345.jpg
cbb,test-img-1346.jpg
cbsd,test-img-1347.jpg
healthy,test-img-1348.jpg
healthy,test-img-1349.jpg
healthy,test-img-1350.jpg
cbb,test-img-1351.jpg
healthy,test-img-1352.jpg
healthy,test-img-1353.jpg
healthy,test-img-1354.jpg
healthy,test-img-1355.jpg
healthy,test-img-1356.jpg
healthy,test-img-1357.jpg
healthy,test-img-1358.jpg
cbsd,test-img-1359.jpg
cbb,test-img-1360.jpg
cbb,test-img-1361.jpg
cmd,test-img-1362.jpg
cbb,test-img-1363.jpg
healthy,test-img-1364.jpg
cbb,test-img-1365.jpg
cbb,test-img-1366.jpg
healthy,test-img-1367.jpg
cbb,test-img-1368.jpg
healthy,test-img-1369.jpg
healthy,test-img-1370.jpg
healthy,test-img-1371.jpg
cbb,test-img-1372.jpg
cbsd,test-img-1373.jpg
cbb,test-img-1374.jpg
healthy,test-img-1375.jpg
cgm,test-img-1376.jpg
cbb,test-img-1377.jpg
healthy,test-img-1378.jpg
healthy,test-img-1379.jpg
cbb,test-img-1380.jpg
cbb,test-img-1381.jpg
healthy,test-img-1382.jpg
healthy,test-img-1383.jpg
healthy,test-img-1384.jpg
cmd,test-img-1385.jpg
healthy,test-img-1386.jpg
healthy,test-img-1387.jpg
cbb,test-img-1388.jpg
cbb,test-img-1389.jpg
healthy,test-img-1390.jpg
cbsd,test-img-1391.jpg
healthy,test-img-1392.jpg
healthy,test-img-1393.jpg
cgm,test-img-1394.jpg
cbsd,test-img-1395.jpg
healthy,test-img-1396.jpg
healthy,test-img-1397.jpg
cbb,test-img-1398.jpg
healthy,test-img-1399.jpg
healthy,test-img-1400.jpg
cbsd,test-img-1401.jpg
healthy,test-img-1402.jpg
healthy,test-img-1403.jpg
healthy,test-img-1404.jpg
healthy,test-img-1405.jpg
cbb,test-img-1406.jpg
healthy,test-img-1407.jpg
cbsd,test-img-1408.jpg
healthy,test-img-1409.jpg
cbsd,test-img-1410.jpg
healthy,test-img-1411.jpg
healthy,test-img-1412.jpg
cbb,test-img-1413.jpg
cmd,test-img-1414.jpg
cbb,test-img-1415.jpg
cbb,test-img-1416.jpg
cgm,test-img-1417.jpg
cbb,test-img-1418.jpg
healthy,test-img-1419.jpg
cbsd,test-img-1420.jpg
healthy,test-img-1421.jpg
healthy,test-img-1422.jpg
healthy,test-img-1423.jpg
healthy,test-img-1424.jpg
healthy,test-img-1425.jpg
cbb,test-img-1426.jpg
cmd,test-img-1427.jpg
cbsd,test-img-1428.jpg
cbb,test-img-1429.jpg
healthy,test-img-1430.jpg
healthy,test-img-1431.jpg
healthy,test-img-1432.jpg
healthy,test-img-1433.jpg
cmd,test-img-1434.jpg
cbb,test-img-1435.jpg
cbb,test-img-1436.jpg
healthy,test-img-1437.jpg
healthy,test-img-1438.jpg
cbsd,test-img-1439.jpg
cbb,test-img-1440.jpg
healthy,test-img-1441.jpg
cbb,test-img-1442.jpg
healthy,test-img-1443.jpg
healthy,test-img-1444.jpg
healthy,test-img-1445.jpg
cbb,test-img-1446.jpg
healthy,test-img-1447.jpg
healthy,test-img-1448.jpg
healthy,test-img-1449.jpg
healthy,test-img-1450.jpg
cbsd,test-img-1451.jpg
cbb,test-img-1452.jpg
cbb,test-img-1453.jpg
healthy,test-img-1454.jpg
cmd,test-img-1455.jpg
cbb,test-img-1456.jpg
cbb,test-img-1457.jpg
healthy,test-img-1458.jpg
cbb,test-img-1459.jpg
cbsd,test-img-1460.jpg
healthy,test-img-1461.jpg
healthy,test-img-1462.jpg
healthy,test-img-1463.jpg
healthy,test-img-1464.jpg
healthy,test-img-1465.jpg
healthy,test-img-1466.jpg
healthy,test-img-1467.jpg
cbb,test-img-1468.jpg
cbb,test-img-1469.jpg
healthy,test-img-1470.jpg
healthy,test-img-1471.jpg
cmd,test-img-1472.jpg
cbb,test-img-1473.jpg
cbb,test-img-1474.jpg
healthy,test-img-1475.jpg
healthy,test-img-1476.jpg
healthy,test-img-1477.jpg
cbsd,test-img-1478.jpg
healthy,test-img-1479.jpg
cgm,test-img-1480.jpg
cbsd,test-img-1481.jpg
healthy,test-img-1482.jpg
healthy,test-img-1483.jpg
healthy,test-img-1484.jpg
healthy,test-img-1485.jpg
cbb,test-img-1486.jpg
healthy,test-img-1487.jpg
healthy,test-img-1488.jpg
healthy,test-img-1489.jpg
cbsd,test-img-1490.jpg
healthy,test-img-1491.jpg
healthy,test-img-1492.jpg
cbb,test-img-1493.jpg
healthy,test-img-1494.jpg
healthy,test-img-1495.jpg
healthy,test-img-1496.jpg
cbb,test-img-1497.jpg
healthy,test-img-1498.jpg
cbb,test-img-1499.jpg
healthy,test-img-1500.jpg
healthy,test-img-1501.jpg
healthy,test-img-1502.jpg
cbb,test-img-1503.jpg
healthy,test-img-1504.jpg
healthy,test-img-1505.jpg
healthy,test-img-1506.jpg
cbb,test-img-1507.jpg
cbb,test-img-1508.jpg
healthy,test-img-1509.jpg
healthy,test-img-1510.jpg
healthy,test-img-1511.jpg
healthy,test-img-1512.jpg
cbb,test-img-1513.jpg
cbsd,test-img-1514.jpg
healthy,test-img-1515.jpg
cbb,test-img-1516.jpg
healthy,test-img-1517.jpg
healthy,test-img-1518.jpg
cbb,test-img-1519.jpg
cbb,test-img-1520.jpg
cgm,test-img-1521.jpg
healthy,test-img-1522.jpg
cbb,test-img-1523.jpg
cbb,test-img-1524.jpg
cbb,test-img-1525.jpg
healthy,test-img-1526.jpg
healthy,test-img-1527.jpg
cbb,test-img-1528.jpg
healthy,test-img-1529.jpg
healthy,test-img-1530.jpg
healthy,test-img-1531.jpg
healthy,test-img-1532.jpg
healthy,test-img-1533.jpg
healthy,test-img-1534.jpg
healthy,test-img-1535.jpg
healthy,test-img-1536.jpg
healthy,test-img-1537.jpg
healthy,test-img-1538.jpg
healthy,test-img-1539.jpg
cbb,test-img-1540.jpg
cbb,test-img-1541.jpg
healthy,test-img-1542.jpg
cbb,test-img-1543.jpg
cbb,test-img-1544.jpg
cbsd,test-img-1545.jpg
healthy,test-img-1546.jpg
healthy,test-img-1547.jpg
healthy,test-img-1548.jpg
cbsd,test-img-1549.jpg
healthy,test-img-1550.jpg
cbb,test-img-1551.jpg
healthy,test-img-1552.jpg
cmd,test-img-1553.jpg
healthy,test-img-1554.jpg
cbb,test-img-1555.jpg
cbsd,test-img-1556.jpg
cbsd,test-img-1557.jpg
cbsd,test-img-1558.jpg
cbsd,test-img-1559.jpg
cbb,test-img-1560.jpg
cbsd,test-img-1561.jpg
cbb,test-img-1562.jpg
healthy,test-img-1563.jpg
healthy,test-img-1564.jpg
healthy,test-img-1565.jpg
healthy,test-img-1566.jpg
healthy,test-img-1567.jpg
healthy,test-img-1568.jpg
healthy,test-img-1569.jpg
cbb,test-img-1570.jpg
cbb,test-img-1571.jpg
cbb,test-img-1572.jpg
healthy,test-img-1573.jpg
cbb,test-img-1574.jpg
cbb,test-img-1575.jpg
cbb,test-img-1576.jpg
cbb,test-img-1577.jpg
healthy,test-img-1578.jpg
healthy,test-img-1579.jpg
cmd,test-img-1580.jpg
cmd,test-img-1581.jpg
cbsd,test-img-1582.jpg
healthy,test-img-1583.jpg
healthy,test-img-1584.jpg
healthy,test-img-1585.jpg
healthy,test-img-1586.jpg
healthy,test-img-1587.jpg
cbb,test-img-1588.jpg
healthy,test-img-1589.jpg
healthy,test-img-1590.jpg
healthy,test-img-1591.jpg
cbb,test-img-1592.jpg
cbb,test-img-1593.jpg
healthy,test-img-1594.jpg
healthy,test-img-1595.jpg
cbb,test-img-1596.jpg
healthy,test-img-1597.jpg
cbb,test-img-1598.jpg
cbb,test-img-1599.jpg
cbb,test-img-1600.jpg
healthy,test-img-1601.jpg
healthy,test-img-1602.jpg
healthy,test-img-1603.jpg
cbsd,test-img-1604.jpg
healthy,test-img-1605.jpg
cbsd,test-img-1606.jpg
healthy,test-img-1607.jpg
healthy,test-img-1608.jpg
healthy,test-img-1609.jpg
healthy,test-img-1610.jpg
healthy,test-img-1611.jpg
cbb,test-img-1612.jpg
healthy,test-img-1613.jpg
cbb,test-img-1614.jpg
cbb,test-img-1615.jpg
cmd,test-img-1616.jpg
cbb,test-img-1617.jpg
cmd,test-img-1618.jpg
cbb,test-img-1619.jpg
healthy,test-img-1620.jpg
healthy,test-img-1621.jpg
cgm,test-img-1622.jpg
cbb,test-img-1623.jpg
healthy,test-img-1624.jpg
cmd,test-img-1625.jpg
healthy,test-img-1626.jpg
healthy,test-img-1627.jpg
cbb,test-img-1628.jpg
healthy,test-img-1629.jpg
cbsd,test-img-1630.jpg
cbb,test-img-1631.jpg
cbb,test-img-1632.jpg
healthy,test-img-1633.jpg
healthy,test-img-1634.jpg
cbb,test-img-1635.jpg
cmd,test-img-1636.jpg
cmd,test-img-1637.jpg
healthy,test-img-1638.jpg
healthy,test-img-1639.jpg
healthy,test-img-1640.jpg
cbb,test-img-1641.jpg
healthy,test-img-1642.jpg
healthy,test-img-1643.jpg
cbb,test-img-1644.jpg
cmd,test-img-1645.jpg
cmd,test-img-1646.jpg
cbsd,test-img-1647.jpg
cmd,test-img-1648.jpg
healthy,test-img-1649.jpg
healthy,test-img-1650.jpg
cmd,test-img-1651.jpg
cbb,test-img-1652.jpg
cbb,test-img-1653.jpg
cbb,test-img-1654.jpg
cbsd,test-img-1655.jpg
cbb,test-img-1656.jpg
healthy,test-img-1657.jpg
cbb,test-img-1658.jpg
cbb,test-img-1659.jpg
healthy,test-img-1660.jpg
cbb,test-img-1661.jpg
healthy,test-img-1662.jpg
cbb,test-img-1663.jpg
healthy,test-img-1664.jpg
healthy,test-img-1665.jpg
healthy,test-img-1666.jpg
cbb,test-img-1667.jpg
cbsd,test-img-1668.jpg
healthy,test-img-1669.jpg
healthy,test-img-1670.jpg
cbb,test-img-1671.jpg
healthy,test-img-1672.jpg
healthy,test-img-1673.jpg
healthy,test-img-1674.jpg
cbsd,test-img-1675.jpg
healthy,test-img-1676.jpg
cmd,test-img-1677.jpg
healthy,test-img-1678.jpg
cbsd,test-img-1679.jpg
healthy,test-img-1680.jpg
healthy,test-img-1681.jpg
cbsd,test-img-1682.jpg
healthy,test-img-1683.jpg
healthy,test-img-1684.jpg
healthy,test-img-1685.jpg
cbb,test-img-1686.jpg
cbb,test-img-1687.jpg
healthy,test-img-1688.jpg
healthy,test-img-1689.jpg
healthy,test-img-1690.jpg
healthy,test-img-1691.jpg
cbsd,test-img-1692.jpg
healthy,test-img-1693.jpg
cbsd,test-img-1694.jpg
cbb,test-img-1695.jpg
healthy,test-img-1696.jpg
healthy,test-img-1697.jpg
healthy,test-img-1698.jpg
cbb,test-img-1699.jpg
healthy,test-img-1700.jpg
healthy,test-img-1701.jpg
healthy,test-img-1702.jpg
cbsd,test-img-1703.jpg
healthy,test-img-1704.jpg
cmd,test-img-1705.jpg
healthy,test-img-1706.jpg
healthy,test-img-1707.jpg
healthy,test-img-1708.jpg
healthy,test-img-1709.jpg
cbb,test-img-1710.jpg
cbb,test-img-1711.jpg
healthy,test-img-1712.jpg
healthy,test-img-1713.jpg
cbb,test-img-1714.jpg
cbsd,test-img-1715.jpg
healthy,test-img-1716.jpg
healthy,test-img-1717.jpg
cbsd,test-img-1718.jpg
healthy,test-img-1719.jpg
healthy,test-img-1720.jpg
healthy,test-img-1721.jpg
healthy,test-img-1722.jpg
cgm,test-img-1723.jpg
cbb,test-img-1724.jpg
cmd,test-img-1725.jpg
cgm,test-img-1726.jpg
cbb,test-img-1727.jpg
healthy,test-img-1728.jpg
healthy,test-img-1729.jpg
cbb,test-img-1730.jpg
cbb,test-img-1731.jpg
healthy,test-img-1732.jpg
cbb,test-img-1733.jpg
cbb,test-img-1734.jpg
healthy,test-img-1735.jpg
healthy,test-img-1736.jpg
healthy,test-img-1737.jpg
cbb,test-img-1738.jpg
healthy,test-img-1739.jpg
healthy,test-img-1740.jpg
healthy,test-img-1741.jpg
cbb,test-img-1742.jpg
healthy,test-img-1743.jpg
healthy,test-img-1744.jpg
healthy,test-img-1745.jpg
cbb,test-img-1746.jpg
healthy,test-img-1747.jpg
healthy,test-img-1748.jpg
healthy,test-img-1749.jpg
healthy,test-img-1750.jpg
healthy,test-img-1751.jpg
cbsd,test-img-1752.jpg
cbb,test-img-1753.jpg
healthy,test-img-1754.jpg
healthy,test-img-1755.jpg
cbb,test-img-1756.jpg
healthy,test-img-1757.jpg
healthy,test-img-1758.jpg
cmd,test-img-1759.jpg
cbb,test-img-1760.jpg
healthy,test-img-1761.jpg
healthy,test-img-1762.jpg
cbb,test-img-1763.jpg
cmd,test-img-1764.jpg
cbb,test-img-1765.jpg
healthy,test-img-1766.jpg
cbb,test-img-1767.jpg
cbb,test-img-1768.jpg
healthy,test-img-1769.jpg
healthy,test-img-1770.jpg
cbb,test-img-1771.jpg
cbb,test-img-1772.jpg
cbb,test-img-1773.jpg
cbb,test-img-1774.jpg
cbb,test-img-1775.jpg
healthy,test-img-1776.jpg
healthy,test-img-1777.jpg
cmd,test-img-1778.jpg
cmd,test-img-1779.jpg
cbsd,test-img-1780.jpg
cbsd,test-img-1781.jpg
healthy,test-img-1782.jpg
healthy,test-img-1783.jpg
cbsd,test-img-1784.jpg
healthy,test-img-1785.jpg
healthy,test-img-1786.jpg
cbb,test-img-1787.jpg
healthy,test-img-1788.jpg
healthy,test-img-1789.jpg
healthy,test-img-1790.jpg
healthy,test-img-1791.jpg
healthy,test-img-1792.jpg
healthy,test-img-1793.jpg
healthy,test-img-1794.jpg
cbsd,test-img-1795.jpg
healthy,test-img-1796.jpg
healthy,test-img-1797.jpg
healthy,test-img-1798.jpg
cbb,test-img-1799.jpg
healthy,test-img-1800.jpg
cbb,test-img-1801.jpg
healthy,test-img-1802.jpg
healthy,test-img-1803.jpg
healthy,test-img-1804.jpg
cbb,test-img-1805.jpg
cbb,test-img-1806.jpg
cbsd,test-img-1807.jpg
healthy,test-img-1808.jpg
healthy,test-img-1809.jpg
healthy,test-img-1810.jpg
cmd,test-img-1811.jpg
cbb,test-img-1812.jpg
cbb,test-img-1813.jpg
healthy,test-img-1814.jpg
cbb,test-img-1815.jpg
cbb,test-img-1816.jpg
cbb,test-img-1817.jpg
cbsd,test-img-1818.jpg
healthy,test-img-1819.jpg
healthy,test-img-1820.jpg
healthy,test-img-1821.jpg
cgm,test-img-1822.jpg
healthy,test-img-1823.jpg
healthy,test-img-1824.jpg
healthy,test-img-1825.jpg
cbb,test-img-1826.jpg
cbb,test-img-1827.jpg
healthy,test-img-1828.jpg
cbb,test-img-1829.jpg
healthy,test-img-1830.jpg
cmd,test-img-1831.jpg
healthy,test-img-1832.jpg
healthy,test-img-1833.jpg
cbb,test-img-1834.jpg
healthy,test-img-1835.jpg
healthy,test-img-1836.jpg
cbb,test-img-1837.jpg
cbb,test-img-1838.jpg
healthy,test-img-1839.jpg
healthy,test-img-1840.jpg
cbsd,test-img-1841.jpg
cmd,test-img-1842.jpg
healthy,test-img-1843.jpg
healthy,test-img-1844.jpg
healthy,test-img-1845.jpg
healthy,test-img-1846.jpg
cbsd,test-img-1847.jpg
healthy,test-img-1848.jpg
healthy,test-img-1849.jpg
cbb,test-img-1850.jpg
healthy,test-img-1851.jpg
healthy,test-img-1852.jpg
healthy,test-img-1853.jpg
cbsd,test-img-1854.jpg
healthy,test-img-1855.jpg
healthy,test-img-1856.jpg
healthy,test-img-1857.jpg
healthy,test-img-1858.jpg
healthy,test-img-1859.jpg
cbb,test-img-1860.jpg
healthy,test-img-1861.jpg
healthy,test-img-1862.jpg
cbb,test-img-1863.jpg
cmd,test-img-1864.jpg
cbb,test-img-1865.jpg
cbb,test-img-1866.jpg
cbb,test-img-1867.jpg
healthy,test-img-1868.jpg
healthy,test-img-1869.jpg
healthy,test-img-1870.jpg
healthy,test-img-1871.jpg
healthy,test-img-1872.jpg
cbb,test-img-1873.jpg
cbsd,test-img-1874.jpg
healthy,test-img-1875.jpg
cbb,test-img-1876.jpg
healthy,test-img-1877.jpg
healthy,test-img-1878.jpg
cbb,test-img-1879.jpg
healthy,test-img-1880.jpg
cbb,test-img-1881.jpg
healthy,test-img-1882.jpg
cmd,test-img-1883.jpg
healthy,test-img-1884.jpg
healthy,test-img-1885.jpg
cbb,test-img-1886.jpg
cbb,test-img-1887.jpg
cmd,test-img-1888.jpg
healthy,test-img-1889.jpg
cbb,test-img-1890.jpg
healthy,test-img-1891.jpg
cmd,test-img-1892.jpg
cbsd,test-img-1893.jpg
healthy,test-img-1894.jpg
healthy,test-img-1895.jpg
cbb,test-img-1896.jpg
cbb,test-img-1897.jpg
cmd,test-img-1898.jpg
cbsd,test-img-1899.jpg
healthy,test-img-1900.jpg
healthy,test-img-1901.jpg
cbb,test-img-1902.jpg
cbb,test-img-1903.jpg
healthy,test-img-1904.jpg
healthy,test-img-1905.jpg
cbb,test-img-1906.jpg
healthy,test-img-1907.jpg
healthy,test-img-1908.jpg
cbsd,test-img-1909.jpg
cbb,test-img-1910.jpg
healthy,test-img-1911.jpg
healthy,test-img-1912.jpg
healthy,test-img-1913.jpg
healthy,test-img-1914.jpg
cbsd,test-img-1915.jpg
healthy,test-img-1916.jpg
healthy,test-img-1917.jpg
cbb,test-img-1918.jpg
cbb,test-img-1919.jpg
healthy,test-img-1920.jpg
healthy,test-img-1921.jpg
cbb,test-img-1922.jpg
cbb,test-img-1923.jpg
cbb,test-img-1924.jpg
cbb,test-img-1925.jpg
cbb,test-img-1926.jpg
healthy,test-img-1927.jpg
healthy,test-img-1928.jpg
healthy,test-img-1929.jpg
cbb,test-img-1930.jpg
healthy,test-img-1931.jpg
healthy,test-img-1932.jpg
cbb,test-img-1933.jpg
healthy,test-img-1934.jpg
healthy,test-img-1935.jpg
cbb,test-img-1936.jpg
healthy,test-img-1937.jpg
cbsd,test-img-1938.jpg
healthy,test-img-1939.jpg
healthy,test-img-1940.jpg
cbsd,test-img-1941.jpg
cbb,test-img-1942.jpg
cbb,test-img-1943.jpg
cmd,test-img-1944.jpg
cbsd,test-img-1945.jpg
cbb,test-img-1946.jpg
cbsd,test-img-1947.jpg
healthy,test-img-1948.jpg
healthy,test-img-1949.jpg
healthy,test-img-1950.jpg
healthy,test-img-1951.jpg
cmd,test-img-1952.jpg
healthy,test-img-1953.jpg
cbb,test-img-1954.jpg
healthy,test-img-1955.jpg
cbb,test-img-1956.jpg
healthy,test-img-1957.jpg
healthy,test-img-1958.jpg
cmd,test-img-1959.jpg
healthy,test-img-1960.jpg
healthy,test-img-1961.jpg
cbb,test-img-1962.jpg
cbsd,test-img-1963.jpg
cbb,test-img-1964.jpg
healthy,test-img-1965.jpg
cbb,test-img-1966.jpg
cbsd,test-img-1967.jpg
healthy,test-img-1968.jpg
healthy,test-img-1969.jpg
healthy,test-img-1970.jpg
cbb,test-img-1971.jpg
healthy,test-img-1972.jpg
healthy,test-img-1973.jpg
healthy,test-img-1974.jpg
healthy,test-img-1975.jpg
healthy,test-img-1976.jpg
cgm,test-img-1977.jpg
cbsd,test-img-1978.jpg
healthy,test-img-1979.jpg
healthy,test-img-1980.jpg
healthy,test-img-1981.jpg
healthy,test-img-1982.jpg
cbb,test-img-1983.jpg
healthy,test-img-1984.jpg
healthy,test-img-1985.jpg
cbb,test-img-1986.jpg
healthy,test-img-1987.jpg
healthy,test-img-1988.jpg
cbb,test-img-1989.jpg
healthy,test-img-1990.jpg
healthy,test-img-1991.jpg
cbsd,test-img-1992.jpg
cbb,test-img-1993.jpg
healthy,test-img-1994.jpg
healthy,test-img-1995.jpg
healthy,test-img-1996.jpg
cbsd,test-img-1997.jpg
cbb,test-img-1998.jpg
healthy,test-img-1999.jpg
cbb,test-img-2000.jpg
healthy,test-img-2001.jpg
cbsd,test-img-2002.jpg
cbb,test-img-2003.jpg
cmd,test-img-2004.jpg
healthy,test-img-2005.jpg
cmd,test-img-2006.jpg
cmd,test-img-2007.jpg
healthy,test-img-2008.jpg
healthy,test-img-2009.jpg
healthy,test-img-2010.jpg
cbb,test-img-2011.jpg
healthy,test-img-2012.jpg
healthy,test-img-2013.jpg
cbb,test-img-2014.jpg
healthy,test-img-2015.jpg
cbb,test-img-2016.jpg
cmd,test-img-2017.jpg
cbb,test-img-2018.jpg
healthy,test-img-2019.jpg
healthy,test-img-2020.jpg
healthy,test-img-2021.jpg
cbb,test-img-2022.jpg
healthy,test-img-2023.jpg
healthy,test-img-2024.jpg
cmd,test-img-2025.jpg
cbsd,test-img-2026.jpg
cbb,test-img-2027.jpg
healthy,test-img-2028.jpg
cbb,test-img-2029.jpg
healthy,test-img-2030.jpg
healthy,test-img-2031.jpg
cbb,test-img-2032.jpg
cgm,test-img-2033.jpg
healthy,test-img-2034.jpg
healthy,test-img-2035.jpg
cbb,test-img-2036.jpg
cbb,test-img-2037.jpg
healthy,test-img-2038.jpg
cbb,test-img-2039.jpg
cbsd,test-img-2040.jpg
cbb,test-img-2041.jpg
healthy,test-img-2042.jpg
cbb,test-img-2043.jpg
cmd,test-img-2044.jpg
healthy,test-img-2045.jpg
cbb,test-img-2046.jpg
cbsd,test-img-2047.jpg
cbsd,test-img-2048.jpg
healthy,test-img-2049.jpg
cbsd,test-img-2050.jpg
cgm,test-img-2051.jpg
cbb,test-img-2052.jpg
cgm,test-img-2053.jpg
healthy,test-img-2054.jpg
healthy,test-img-2055.jpg
healthy,test-img-2056.jpg
healthy,test-img-2057.jpg
cgm,test-img-2058.jpg
cbb,test-img-2059.jpg
healthy,test-img-2060.jpg
healthy,test-img-2061.jpg
cbb,test-img-2062.jpg
healthy,test-img-2063.jpg
healthy,test-img-2064.jpg
healthy,test-img-2065.jpg
healthy,test-img-2066.jpg
healthy,test-img-2067.jpg
healthy,test-img-2068.jpg
cbb,test-img-2069.jpg
cbb,test-img-2070.jpg
cbsd,test-img-2071.jpg
cbb,test-img-2072.jpg
cbb,test-img-2073.jpg
healthy,test-img-2074.jpg
cbb,test-img-2075.jpg
healthy,test-img-2076.jpg
healthy,test-img-2077.jpg
healthy,test-img-2078.jpg
cbsd,test-img-2079.jpg
healthy,test-img-2080.jpg
healthy,test-img-2081.jpg
healthy,test-img-2082.jpg
healthy,test-img-2083.jpg
cbb,test-img-2084.jpg
healthy,test-img-2085.jpg
healthy,test-img-2086.jpg
healthy,test-img-2087.jpg
healthy,test-img-2088.jpg
healthy,test-img-2089.jpg
cbsd,test-img-2090.jpg
healthy,test-img-2091.jpg
healthy,test-img-2092.jpg
cbsd,test-img-2093.jpg
cmd,test-img-2094.jpg
cmd,test-img-2095.jpg
cbb,test-img-2096.jpg
healthy,test-img-2097.jpg
healthy,test-img-2098.jpg
healthy,test-img-2099.jpg
cbb,test-img-2100.jpg
healthy,test-img-2101.jpg
cgm,test-img-2102.jpg
healthy,test-img-2103.jpg
healthy,test-img-2104.jpg
healthy,test-img-2105.jpg
cbb,test-img-2106.jpg
cbb,test-img-2107.jpg
cbb,test-img-2108.jpg
healthy,test-img-2109.jpg
healthy,test-img-2110.jpg
cbb,test-img-2111.jpg
healthy,test-img-2112.jpg
healthy,test-img-2113.jpg
cbb,test-img-2114.jpg
healthy,test-img-2115.jpg
cbb,test-img-2116.jpg
cbsd,test-img-2117.jpg
cbsd,test-img-2118.jpg
healthy,test-img-2119.jpg
cbb,test-img-2120.jpg
healthy,test-img-2121.jpg
cbb,test-img-2122.jpg
cgm,test-img-2123.jpg
healthy,test-img-2124.jpg
healthy,test-img-2125.jpg
healthy,test-img-2126.jpg
cbb,test-img-2127.jpg
healthy,test-img-2128.jpg
cbb,test-img-2129.jpg
healthy,test-img-2130.jpg
cbb,test-img-2131.jpg
healthy,test-img-2132.jpg
cbsd,test-img-2133.jpg
healthy,test-img-2134.jpg
cbsd,test-img-2135.jpg
cmd,test-img-2136.jpg
healthy,test-img-2137.jpg
healthy,test-img-2138.jpg
cbb,test-img-2139.jpg
healthy,test-img-2140.jpg
cbb,test-img-2141.jpg
healthy,test-img-2142.jpg
cmd,test-img-2143.jpg
healthy,test-img-2144.jpg
healthy,test-img-2145.jpg
healthy,test-img-2146.jpg
healthy,test-img-2147.jpg
healthy,test-img-2148.jpg
healthy,test-img-2149.jpg
healthy,test-img-2150.jpg
cbb,test-img-2151.jpg
healthy,test-img-2152.jpg
healthy,test-img-2153.jpg
cbb,test-img-2154.jpg
cbb,test-img-2155.jpg
cbb,test-img-2156.jpg
cbb,test-img-2157.jpg
cbsd,test-img-2158.jpg
healthy,test-img-2159.jpg
healthy,test-img-2160.jpg
healthy,test-img-2161.jpg
cbb,test-img-2162.jpg
healthy,test-img-2163.jpg
cbb,test-img-2164.jpg
cmd,test-img-2165.jpg
healthy,test-img-2166.jpg
cbb,test-img-2167.jpg
healthy,test-img-2168.jpg
healthy,test-img-2169.jpg
healthy,test-img-2170.jpg
cmd,test-img-2171.jpg
healthy,test-img-2172.jpg
cbb,test-img-2173.jpg
healthy,test-img-2174.jpg
cbsd,test-img-2175.jpg
healthy,test-img-2176.jpg
cbsd,test-img-2177.jpg
cbsd,test-img-2178.jpg
healthy,test-img-2179.jpg
healthy,test-img-2180.jpg
healthy,test-img-2181.jpg
healthy,test-img-2182.jpg
healthy,test-img-2183.jpg
cbb,test-img-2184.jpg
healthy,test-img-2185.jpg
healthy,test-img-2186.jpg
healthy,test-img-2187.jpg
cbb,test-img-2188.jpg
healthy,test-img-2189.jpg
healthy,test-img-2190.jpg
healthy,test-img-2191.jpg
healthy,test-img-2192.jpg
cbb,test-img-2193.jpg
cbsd,test-img-2194.jpg
cbb,test-img-2195.jpg
cbb,test-img-2196.jpg
healthy,test-img-2197.jpg
healthy,test-img-2198.jpg
healthy,test-img-2199.jpg
healthy,test-img-2200.jpg
healthy,test-img-2201.jpg
cmd,test-img-2202.jpg
healthy,test-img-2203.jpg
cbb,test-img-2204.jpg
healthy,test-img-2205.jpg
healthy,test-img-2206.jpg
cbb,test-img-2207.jpg
cbsd,test-img-2208.jpg
healthy,test-img-2209.jpg
cmd,test-img-2210.jpg
healthy,test-img-2211.jpg
cbsd,test-img-2212.jpg
cbb,test-img-2213.jpg
cmd,test-img-2214.jpg
healthy,test-img-2215.jpg
cmd,test-img-2216.jpg
healthy,test-img-2217.jpg
cbsd,test-img-2218.jpg
healthy,test-img-2219.jpg
healthy,test-img-2220.jpg
cbb,test-img-2221.jpg
cmd,test-img-2222.jpg
cbb,test-img-2223.jpg
cbb,test-img-2224.jpg
cmd,test-img-2225.jpg
healthy,test-img-2226.jpg
cbb,test-img-2227.jpg
healthy,test-img-2228.jpg
healthy,test-img-2229.jpg
cgm,test-img-2230.jpg
cbsd,test-img-2231.jpg
cbb,test-img-2232.jpg
cmd,test-img-2233.jpg
cbb,test-img-2234.jpg
healthy,test-img-2235.jpg
cbb,test-img-2236.jpg
cbb,test-img-2237.jpg
healthy,test-img-2238.jpg
cbb,test-img-2239.jpg
healthy,test-img-2240.jpg
cbb,test-img-2241.jpg
cmd,test-img-2242.jpg
healthy,test-img-2243.jpg
cbb,test-img-2244.jpg
cbsd,test-img-2245.jpg
cbb,test-img-2246.jpg
cbsd,test-img-2247.jpg
healthy,test-img-2248.jpg
cmd,test-img-2249.jpg
cbb,test-img-2250.jpg
healthy,test-img-2251.jpg
healthy,test-img-2252.jpg
healthy,test-img-2253.jpg
healthy,test-img-2254.jpg
healthy,test-img-2255.jpg
healthy,test-img-2256.jpg
healthy,test-img-2257.jpg
cgm,test-img-2258.jpg
cbb,test-img-2259.jpg
cbb,test-img-2260.jpg
healthy,test-img-2261.jpg
healthy,test-img-2262.jpg
cgm,test-img-2263.jpg
healthy,test-img-2264.jpg
healthy,test-img-2265.jpg
cbsd,test-img-2266.jpg
healthy,test-img-2267.jpg
cmd,test-img-2268.jpg
cbsd,test-img-2269.jpg
healthy,test-img-2270.jpg
cbb,test-img-2271.jpg
healthy,test-img-2272.jpg
cbb,test-img-2273.jpg
healthy,test-img-2274.jpg
cbsd,test-img-2275.jpg
cbb,test-img-2276.jpg
healthy,test-img-2277.jpg
healthy,test-img-2278.jpg
healthy,test-img-2279.jpg
healthy,test-img-2280.jpg
healthy,test-img-2281.jpg
healthy,test-img-2282.jpg
healthy,test-img-2283.jpg
cbb,test-img-2284.jpg
healthy,test-img-2285.jpg
healthy,test-img-2286.jpg
healthy,test-img-2287.jpg
cbb,test-img-2288.jpg
cbb,test-img-2289.jpg
healthy,test-img-2290.jpg
cbb,test-img-2291.jpg
cbsd,test-img-2292.jpg
healthy,test-img-2293.jpg
cbb,test-img-2294.jpg
healthy,test-img-2295.jpg
cbb,test-img-2296.jpg
cbsd,test-img-2297.jpg
cbb,test-img-2298.jpg
cbb,test-img-2299.jpg
cbb,test-img-2300.jpg
healthy,test-img-2301.jpg
cbb,test-img-2302.jpg
cgm,test-img-2303.jpg
cbsd,test-img-2304.jpg
healthy,test-img-2305.jpg
healthy,test-img-2306.jpg
healthy,test-img-2307.jpg
healthy,test-img-2308.jpg
cbsd,test-img-2309.jpg
healthy,test-img-2310.jpg
healthy,test-img-2311.jpg
healthy,test-img-2312.jpg
cgm,test-img-2313.jpg
cbsd,test-img-2314.jpg
healthy,test-img-2315.jpg
healthy,test-img-2316.jpg
healthy,test-img-2317.jpg
healthy,test-img-2318.jpg
healthy,test-img-2319.jpg
healthy,test-img-2320.jpg
cbsd,test-img-2321.jpg
healthy,test-img-2322.jpg
healthy,test-img-2323.jpg
healthy,test-img-2324.jpg
cbsd,test-img-2325.jpg
cgm,test-img-2326.jpg
cbsd,test-img-2327.jpg
cbb,test-img-2328.jpg
healthy,test-img-2329.jpg
healthy,test-img-2330.jpg
healthy,test-img-2331.jpg
cbb,test-img-2332.jpg
cbb,test-img-2333.jpg
cbb,test-img-2334.jpg
cbb,test-img-2335.jpg
healthy,test-img-2336.jpg
healthy,test-img-2337.jpg
healthy,test-img-2338.jpg
healthy,test-img-2339.jpg
healthy,test-img-2340.jpg
cbb,test-img-2341.jpg
healthy,test-img-2342.jpg
cbsd,test-img-2343.jpg
healthy,test-img-2344.jpg
healthy,test-img-2345.jpg
cbsd,test-img-2346.jpg
healthy,test-img-2347.jpg
healthy,test-img-2348.jpg
healthy,test-img-2349.jpg
cmd,test-img-2350.jpg
healthy,test-img-2351.jpg
cbb,test-img-2352.jpg
healthy,test-img-2353.jpg
healthy,test-img-2354.jpg
cbb,test-img-2355.jpg
healthy,test-img-2356.jpg
healthy,test-img-2357.jpg
healthy,test-img-2358.jpg
cbb,test-img-2359.jpg
healthy,test-img-2360.jpg
healthy,test-img-2361.jpg
cbsd,test-img-2362.jpg
cmd,test-img-2363.jpg
healthy,test-img-2364.jpg
healthy,test-img-2365.jpg
healthy,test-img-2366.jpg
cmd,test-img-2367.jpg
cbsd,test-img-2368.jpg
healthy,test-img-2369.jpg
cbsd,test-img-2370.jpg
cbb,test-img-2371.jpg
healthy,test-img-2372.jpg
healthy,test-img-2373.jpg
cmd,test-img-2374.jpg
cbsd,test-img-2375.jpg
healthy,test-img-2376.jpg
cbb,test-img-2377.jpg
cbb,test-img-2378.jpg
healthy,test-img-2379.jpg
cbb,test-img-2380.jpg
cbsd,test-img-2381.jpg
cbb,test-img-2382.jpg
cgm,test-img-2383.jpg
healthy,test-img-2384.jpg
healthy,test-img-2385.jpg
cbb,test-img-2386.jpg
healthy,test-img-2387.jpg
healthy,test-img-2388.jpg
cbb,test-img-2389.jpg
healthy,test-img-2390.jpg
healthy,test-img-2391.jpg
cbb,test-img-2392.jpg
healthy,test-img-2393.jpg
healthy,test-img-2394.jpg
cbb,test-img-2395.jpg
cbb,test-img-2396.jpg
healthy,test-img-2397.jpg
cbb,test-img-2398.jpg
cbsd,test-img-2399.jpg
cgm,test-img-2400.jpg
cbb,test-img-2401.jpg
cmd,test-img-2402.jpg
healthy,test-img-2403.jpg
cbsd,test-img-2404.jpg
healthy,test-img-2405.jpg
cbb,test-img-2406.jpg
cgm,test-img-2407.jpg
healthy,test-img-2408.jpg
healthy,test-img-2409.jpg
cbb,test-img-2410.jpg
cmd,test-img-2411.jpg
healthy,test-img-2412.jpg
cbsd,test-img-2413.jpg
healthy,test-img-2414.jpg
cbsd,test-img-2415.jpg
healthy,test-img-2416.jpg
cbb,test-img-2417.jpg
cbb,test-img-2418.jpg
healthy,test-img-2419.jpg
cbb,test-img-2420.jpg
healthy,test-img-2421.jpg
cbb,test-img-2422.jpg
healthy,test-img-2423.jpg
cbb,test-img-2424.jpg
healthy,test-img-2425.jpg
healthy,test-img-2426.jpg
healthy,test-img-2427.jpg
healthy,test-img-2428.jpg
healthy,test-img-2429.jpg
healthy,test-img-2430.jpg
healthy,test-img-2431.jpg
healthy,test-img-2432.jpg
healthy,test-img-2433.jpg
healthy,test-img-2434.jpg
healthy,test-img-2435.jpg
healthy,test-img-2436.jpg
healthy,test-img-2437.jpg
healthy,test-img-2438.jpg
healthy,test-img-2439.jpg
healthy,test-img-2440.jpg
cbb,test-img-2441.jpg
cmd,test-img-2442.jpg
healthy,test-img-2443.jpg
cbsd,test-img-2444.jpg
healthy,test-img-2445.jpg
healthy,test-img-2446.jpg
cbsd,test-img-2447.jpg
healthy,test-img-2448.jpg
cbb,test-img-2449.jpg
healthy,test-img-2450.jpg
healthy,test-img-2451.jpg
healthy,test-img-2452.jpg
healthy,test-img-2453.jpg
cbb,test-img-2454.jpg
cbb,test-img-2455.jpg
healthy,test-img-2456.jpg
healthy,test-img-2457.jpg
cbb,test-img-2458.jpg
cbb,test-img-2459.jpg
healthy,test-img-2460.jpg
healthy,test-img-2461.jpg
cbb,test-img-2462.jpg
cbb,test-img-2463.jpg
cmd,test-img-2464.jpg
healthy,test-img-2465.jpg
cbb,test-img-2466.jpg
cbb,test-img-2467.jpg
healthy,test-img-2468.jpg
healthy,test-img-2469.jpg
cbb,test-img-2470.jpg
healthy,test-img-2471.jpg
cbb,test-img-2472.jpg
healthy,test-img-2473.jpg
cbb,test-img-2474.jpg
cbb,test-img-2475.jpg
healthy,test-img-2476.jpg
healthy,test-img-2477.jpg
cbb,test-img-2478.jpg
healthy,test-img-2479.jpg
cbb,test-img-2480.jpg
cbb,test-img-2481.jpg
cbsd,test-img-2482.jpg
cbsd,test-img-2483.jpg
healthy,test-img-2484.jpg
cbb,test-img-2485.jpg
healthy,test-img-2486.jpg
healthy,test-img-2487.jpg
healthy,test-img-2488.jpg
healthy,test-img-2489.jpg
healthy,test-img-2490.jpg
healthy,test-img-2491.jpg
healthy,test-img-2492.jpg
cbb,test-img-2493.jpg
healthy,test-img-2494.jpg
healthy,test-img-2495.jpg
healthy,test-img-2496.jpg
cbb,test-img-2497.jpg
cbb,test-img-2498.jpg
healthy,test-img-2499.jpg
healthy,test-img-2500.jpg
healthy,test-img-2501.jpg
cbb,test-img-2502.jpg
healthy,test-img-2503.jpg
healthy,test-img-2504.jpg
cgm,test-img-2505.jpg
cmd,test-img-2506.jpg
healthy,test-img-2507.jpg
healthy,test-img-2508.jpg
cbsd,test-img-2509.jpg
healthy,test-img-2510.jpg
healthy,test-img-2511.jpg
healthy,test-img-2512.jpg
cbb,test-img-2513.jpg
healthy,test-img-2514.jpg
healthy,test-img-2515.jpg
healthy,test-img-2516.jpg
cmd,test-img-2517.jpg
healthy,test-img-2518.jpg
healthy,test-img-2519.jpg
cbb,test-img-2520.jpg
healthy,test-img-2521.jpg
cgm,test-img-2522.jpg
cbb,test-img-2523.jpg
healthy,test-img-2524.jpg
cbb,test-img-2525.jpg
healthy,test-img-2526.jpg
healthy,test-img-2527.jpg
cbb,test-img-2528.jpg
healthy,test-img-2529.jpg
cbsd,test-img-2530.jpg
healthy,test-img-2531.jpg
healthy,test-img-2532.jpg
healthy,test-img-2533.jpg
healthy,test-img-2534.jpg
cbb,test-img-2535.jpg
healthy,test-img-2536.jpg
cbb,test-img-2537.jpg
healthy,test-img-2538.jpg
cbsd,test-img-2539.jpg
cbsd,test-img-2540.jpg
cbb,test-img-2541.jpg
healthy,test-img-2542.jpg
cbb,test-img-2543.jpg
cbb,test-img-2544.jpg
cmd,test-img-2545.jpg
healthy,test-img-2546.jpg
cbb,test-img-2547.jpg
healthy,test-img-2548.jpg
cbsd,test-img-2549.jpg
healthy,test-img-2550.jpg
healthy,test-img-2551.jpg
cbb,test-img-2552.jpg
cbsd,test-img-2553.jpg
cmd,test-img-2554.jpg
healthy,test-img-2555.jpg
healthy,test-img-2556.jpg
healthy,test-img-2557.jpg
healthy,test-img-2558.jpg
healthy,test-img-2559.jpg
healthy,test-img-2560.jpg
healthy,test-img-2561.jpg
cbb,test-img-2562.jpg
healthy,test-img-2563.jpg
cbb,test-img-2564.jpg
healthy,test-img-2565.jpg
healthy,test-img-2566.jpg
healthy,test-img-2567.jpg
healthy,test-img-2568.jpg
cgm,test-img-2569.jpg
cbb,test-img-2570.jpg
cmd,test-img-2571.jpg
healthy,test-img-2572.jpg
cbb,test-img-2573.jpg
cbb,test-img-2574.jpg
healthy,test-img-2575.jpg
healthy,test-img-2576.jpg
healthy,test-img-2577.jpg
cbb,test-img-2578.jpg
cbb,test-img-2579.jpg
healthy,test-img-2580.jpg
healthy,test-img-2581.jpg
healthy,test-img-2582.jpg
healthy,test-img-2583.jpg
cbb,test-img-2584.jpg
cbb,test-img-2585.jpg
healthy,test-img-2586.jpg
cbb,test-img-2587.jpg
healthy,test-img-2588.jpg
healthy,test-img-2589.jpg
healthy,test-img-2590.jpg
cbb,test-img-2591.jpg
cbsd,test-img-2592.jpg
healthy,test-img-2593.jpg
cbb,test-img-2594.jpg
healthy,test-img-2595.jpg
healthy,test-img-2596.jpg
healthy,test-img-2597.jpg
healthy,test-img-2598.jpg
cbb,test-img-2599.jpg
healthy,test-img-2600.jpg
cbb,test-img-2601.jpg
healthy,test-img-2602.jpg
healthy,test-img-2603.jpg
cbsd,test-img-2604.jpg
cmd,test-img-2605.jpg
healthy,test-img-2606.jpg
healthy,test-img-2607.jpg
healthy,test-img-2608.jpg
healthy,test-img-2609.jpg
cbb,test-img-2610.jpg
healthy,test-img-2611.jpg
healthy,test-img-2612.jpg
cmd,test-img-2613.jpg
cgm,test-img-2614.jpg
healthy,test-img-2615.jpg
healthy,test-img-2616.jpg
healthy,test-img-2617.jpg
cbb,test-img-2618.jpg
cbb,test-img-2619.jpg
cbsd,test-img-2620.jpg
cbb,test-img-2621.jpg
healthy,test-img-2622.jpg
healthy,test-img-2623.jpg
healthy,test-img-2624.jpg
cgm,test-img-2625.jpg
healthy,test-img-2626.jpg
healthy,test-img-2627.jpg
healthy,test-img-2628.jpg
cbb,test-img-2629.jpg
healthy,test-img-2630.jpg
healthy,test-img-2631.jpg
cbb,test-img-2632.jpg
healthy,test-img-2633.jpg
healthy,test-img-2634.jpg
healthy,test-img-2635.jpg
healthy,test-img-2636.jpg
healthy,test-img-2637.jpg
healthy,test-img-2638.jpg
healthy,test-img-2639.jpg
healthy,test-img-2640.jpg
healthy,test-img-2641.jpg
healthy,test-img-2642.jpg
cbb,test-img-2643.jpg
healthy,test-img-2644.jpg
cgm,test-img-2645.jpg
cbb,test-img-2646.jpg
cbsd,test-img-2647.jpg
healthy,test-img-2648.jpg
cmd,test-img-2649.jpg
cmd,test-img-2650.jpg
cbsd,test-img-2651.jpg
cbb,test-img-2652.jpg
healthy,test-img-2653.jpg
healthy,test-img-2654.jpg
healthy,test-img-2655.jpg
cmd,test-img-2656.jpg
healthy,test-img-2657.jpg
healthy,test-img-2658.jpg
healthy,test-img-2659.jpg
cmd,test-img-2660.jpg
healthy,test-img-2661.jpg
cbb,test-img-2662.jpg
cbb,test-img-2663.jpg
cbb,test-img-2664.jpg
cbb,test-img-2665.jpg
healthy,test-img-2666.jpg
cbb,test-img-2667.jpg
cbb,test-img-2668.jpg
cmd,test-img-2669.jpg
healthy,test-img-2670.jpg
healthy,test-img-2671.jpg
healthy,test-img-2672.jpg
cbb,test-img-2673.jpg
cbsd,test-img-2674.jpg
healthy,test-img-2675.jpg
healthy,test-img-2676.jpg
cbb,test-img-2677.jpg
healthy,test-img-2678.jpg
healthy,test-img-2679.jpg
healthy,test-img-2680.jpg
healthy,test-img-2681.jpg
healthy,test-img-2682.jpg
healthy,test-img-2683.jpg
healthy,test-img-2684.jpg
healthy,test-img-2685.jpg
cbb,test-img-2686.jpg
healthy,test-img-2687.jpg
cmd,test-img-2688.jpg
healthy,test-img-2689.jpg
cbb,test-img-2690.jpg
healthy,test-img-2691.jpg
healthy,test-img-2692.jpg
cbb,test-img-2693.jpg
healthy,test-img-2694.jpg
healthy,test-img-2695.jpg
cbsd,test-img-2696.jpg
healthy,test-img-2697.jpg
cbsd,test-img-2698.jpg
healthy,test-img-2699.jpg
healthy,test-img-2700.jpg
healthy,test-img-2701.jpg
healthy,test-img-2702.jpg
healthy,test-img-2703.jpg
healthy,test-img-2704.jpg
healthy,test-img-2705.jpg
cbb,test-img-2706.jpg
healthy,test-img-2707.jpg
cbsd,test-img-2708.jpg
healthy,test-img-2709.jpg
cbsd,test-img-2710.jpg
cbb,test-img-2711.jpg
cgm,test-img-2712.jpg
cbsd,test-img-2713.jpg
cgm,test-img-2714.jpg
cbb,test-img-2715.jpg
cmd,test-img-2716.jpg
cbb,test-img-2717.jpg
healthy,test-img-2718.jpg
healthy,test-img-2719.jpg
healthy,test-img-2720.jpg
cbsd,test-img-2721.jpg
healthy,test-img-2722.jpg
cbb,test-img-2723.jpg
healthy,test-img-2724.jpg
healthy,test-img-2725.jpg
cbsd,test-img-2726.jpg
cbb,test-img-2727.jpg
healthy,test-img-2728.jpg
healthy,test-img-2729.jpg
healthy,test-img-2730.jpg
cbb,test-img-2731.jpg
healthy,test-img-2732.jpg
cbsd,test-img-2733.jpg
cbb,test-img-2734.jpg
cbb,test-img-2735.jpg
healthy,test-img-2736.jpg
healthy,test-img-2737.jpg
cbsd,test-img-2738.jpg
healthy,test-img-2739.jpg
cbsd,test-img-2740.jpg
healthy,test-img-2741.jpg
cbb,test-img-2742.jpg
healthy,test-img-2743.jpg
cbb,test-img-2744.jpg
healthy,test-img-2745.jpg
cbsd,test-img-2746.jpg
cbb,test-img-2747.jpg
healthy,test-img-2748.jpg
healthy,test-img-2749.jpg
healthy,test-img-2750.jpg
healthy,test-img-2751.jpg
healthy,test-img-2752.jpg
cbsd,test-img-2753.jpg
healthy,test-img-2754.jpg
cbb,test-img-2755.jpg
cbb,test-img-2756.jpg
healthy,test-img-2757.jpg
healthy,test-img-2758.jpg
cbsd,test-img-2759.jpg
healthy,test-img-2760.jpg
cbb,test-img-2761.jpg
cbb,test-img-2762.jpg
healthy,test-img-2763.jpg
cbsd,test-img-2764.jpg
healthy,test-img-2765.jpg
healthy,test-img-2766.jpg
cgm,test-img-2767.jpg
healthy,test-img-2768.jpg
cbb,test-img-2769.jpg
cbb,test-img-2770.jpg
cbb,test-img-2771.jpg
healthy,test-img-2772.jpg
healthy,test-img-2773.jpg
healthy,test-img-2774.jpg
cbb,test-img-2775.jpg
healthy,test-img-2776.jpg
cbb,test-img-2777.jpg
cbb,test-img-2778.jpg
cbsd,test-img-2779.jpg
cmd,test-img-2780.jpg
cbb,test-img-2781.jpg
cbsd,test-img-2782.jpg
cbb,test-img-2783.jpg
healthy,test-img-2784.jpg
healthy,test-img-2785.jpg
healthy,test-img-2786.jpg
healthy,test-img-2787.jpg
healthy,test-img-2788.jpg
healthy,test-img-2789.jpg
healthy,test-img-2790.jpg
healthy,test-img-2791.jpg
cbsd,test-img-2792.jpg
cbb,test-img-2793.jpg
healthy,test-img-2794.jpg
healthy,test-img-2795.jpg
cbsd,test-img-2796.jpg
cbb,test-img-2797.jpg
cbb,test-img-2798.jpg
healthy,test-img-2799.jpg
cbb,test-img-2800.jpg
cbb,test-img-2801.jpg
cbb,test-img-2802.jpg
healthy,test-img-2803.jpg
healthy,test-img-2804.jpg
cbb,test-img-2805.jpg
healthy,test-img-2806.jpg
cmd,test-img-2807.jpg
healthy,test-img-2808.jpg
healthy,test-img-2809.jpg
healthy,test-img-2810.jpg
cbb,test-img-2811.jpg
cbsd,test-img-2812.jpg
cbsd,test-img-2813.jpg
cbb,test-img-2814.jpg
cbb,test-img-2815.jpg
healthy,test-img-2816.jpg
healthy,test-img-2817.jpg
cbsd,test-img-2818.jpg
cbb,test-img-2819.jpg
healthy,test-img-2820.jpg
cmd,test-img-2821.jpg
cbb,test-img-2822.jpg
healthy,test-img-2823.jpg
cgm,test-img-2824.jpg
healthy,test-img-2825.jpg
cbb,test-img-2826.jpg
healthy,test-img-2827.jpg
cbb,test-img-2828.jpg
healthy,test-img-2829.jpg
healthy,test-img-2830.jpg
cbb,test-img-2831.jpg
cgm,test-img-2832.jpg
healthy,test-img-2833.jpg
cbb,test-img-2834.jpg
healthy,test-img-2835.jpg
cgm,test-img-2836.jpg
healthy,test-img-2837.jpg
cbb,test-img-2838.jpg
healthy,test-img-2839.jpg
healthy,test-img-2840.jpg
cbb,test-img-2841.jpg
healthy,test-img-2842.jpg
cbsd,test-img-2843.jpg
healthy,test-img-2844.jpg
healthy,test-img-2845.jpg
healthy,test-img-2846.jpg
cbb,test-img-2847.jpg
cgm,test-img-2848.jpg
healthy,test-img-2849.jpg
healthy,test-img-2850.jpg
cbb,test-img-2851.jpg
healthy,test-img-2852.jpg
healthy,test-img-2853.jpg
healthy,test-img-2854.jpg
cbb,test-img-2855.jpg
cbsd,test-img-2856.jpg
cbb,test-img-2857.jpg
cgm,test-img-2858.jpg
healthy,test-img-2859.jpg
cbb,test-img-2860.jpg
healthy,test-img-2861.jpg
cbb,test-img-2862.jpg
healthy,test-img-2863.jpg
cbsd,test-img-2864.jpg
cbb,test-img-2865.jpg
healthy,test-img-2866.jpg
cbb,test-img-2867.jpg
healthy,test-img-2868.jpg
cbsd,test-img-2869.jpg
healthy,test-img-2870.jpg
healthy,test-img-2871.jpg
cbsd,test-img-2872.jpg
healthy,test-img-2873.jpg
cmd,test-img-2874.jpg
healthy,test-img-2875.jpg
cmd,test-img-2876.jpg
healthy,test-img-2877.jpg
healthy,test-img-2878.jpg
healthy,test-img-2879.jpg
cmd,test-img-2880.jpg
cbb,test-img-2881.jpg
cbb,test-img-2882.jpg
cbb,test-img-2883.jpg
healthy,test-img-2884.jpg
healthy,test-img-2885.jpg
cbb,test-img-2886.jpg
healthy,test-img-2887.jpg
healthy,test-img-2888.jpg
healthy,test-img-2889.jpg
cbsd,test-img-2890.jpg
cbb,test-img-2891.jpg
cbsd,test-img-2892.jpg
cbsd,test-img-2893.jpg
cbb,test-img-2894.jpg
cbb,test-img-2895.jpg
cmd,test-img-2896.jpg
cbsd,test-img-2897.jpg
healthy,test-img-2898.jpg
healthy,test-img-2899.jpg
healthy,test-img-2900.jpg
healthy,test-img-2901.jpg
healthy,test-img-2902.jpg
healthy,test-img-2903.jpg
cbb,test-img-2904.jpg
healthy,test-img-2905.jpg
healthy,test-img-2906.jpg
healthy,test-img-2907.jpg
cbb,test-img-2908.jpg
cmd,test-img-2909.jpg
cbsd,test-img-2910.jpg
healthy,test-img-2911.jpg
cbb,test-img-2912.jpg
cbb,test-img-2913.jpg
healthy,test-img-2914.jpg
healthy,test-img-2915.jpg
healthy,test-img-2916.jpg
healthy,test-img-2917.jpg
healthy,test-img-2918.jpg
cbb,test-img-2919.jpg
cbb,test-img-2920.jpg
cbb,test-img-2921.jpg
healthy,test-img-2922.jpg
cgm,test-img-2923.jpg
cbb,test-img-2924.jpg
cmd,test-img-2925.jpg
healthy,test-img-2926.jpg
healthy,test-img-2927.jpg
healthy,test-img-2928.jpg
healthy,test-img-2929.jpg
healthy,test-img-2930.jpg
healthy,test-img-2931.jpg
cmd,test-img-2932.jpg
cbsd,test-img-2933.jpg
healthy,test-img-2934.jpg
healthy,test-img-2935.jpg
cbb,test-img-2936.jpg
cmd,test-img-2937.jpg
healthy,test-img-2938.jpg
healthy,test-img-2939.jpg
cbb,test-img-2940.jpg
healthy,test-img-2941.jpg
healthy,test-img-2942.jpg
healthy,test-img-2943.jpg
cbb,test-img-2944.jpg
cmd,test-img-2945.jpg
cbb,test-img-2946.jpg
healthy,test-img-2947.jpg
cbb,test-img-2948.jpg
healthy,test-img-2949.jpg
cbsd,test-img-2950.jpg
cbb,test-img-2951.jpg
healthy,test-img-2952.jpg
healthy,test-img-2953.jpg
cbsd,test-img-2954.jpg
healthy,test-img-2955.jpg
healthy,test-img-2956.jpg
cgm,test-img-2957.jpg
healthy,test-img-2958.jpg
healthy,test-img-2959.jpg
healthy,test-img-2960.jpg
cbsd,test-img-2961.jpg
cbb,test-img-2962.jpg
healthy,test-img-2963.jpg
healthy,test-img-2964.jpg
healthy,test-img-2965.jpg
cbb,test-img-2966.jpg
healthy,test-img-2967.jpg
cbsd,test-img-2968.jpg
cbb,test-img-2969.jpg
healthy,test-img-2970.jpg
healthy,test-img-2971.jpg
healthy,test-img-2972.jpg
cbb,test-img-2973.jpg
healthy,test-img-2974.jpg
cbb,test-img-2975.jpg
cbb,test-img-2976.jpg
healthy,test-img-2977.jpg
healthy,test-img-2978.jpg
healthy,test-img-2979.jpg
cbb,test-img-2980.jpg
healthy,test-img-2981.jpg
cbb,test-img-2982.jpg
cbsd,test-img-2983.jpg
cbb,test-img-2984.jpg
healthy,test-img-2985.jpg
cbsd,test-img-2986.jpg
healthy,test-img-2987.jpg
healthy,test-img-2988.jpg
cgm,test-img-2989.jpg
healthy,test-img-2990.jpg
cbb,test-img-2991.jpg
healthy,test-img-2992.jpg
cbb,test-img-2993.jpg
healthy,test-img-2994.jpg
healthy,test-img-2995.jpg
cbb,test-img-2996.jpg
cbb,test-img-2997.jpg
healthy,test-img-2998.jpg
healthy,test-img-2999.jpg
cbb,test-img-3000.jpg
healthy,test-img-3001.jpg
cbsd,test-img-3002.jpg
healthy,test-img-3003.jpg
cbb,test-img-3004.jpg
cbsd,test-img-3005.jpg
cbsd,test-img-3006.jpg
healthy,test-img-3007.jpg
healthy,test-img-3008.jpg
cbb,test-img-3009.jpg
cbb,test-img-3010.jpg
healthy,test-img-3011.jpg
healthy,test-img-3012.jpg
healthy,test-img-3013.jpg
cbsd,test-img-3014.jpg
healthy,test-img-3015.jpg
healthy,test-img-3016.jpg
cmd,test-img-3017.jpg
cbb,test-img-3018.jpg
healthy,test-img-3019.jpg
cbsd,test-img-3020.jpg
healthy,test-img-3021.jpg
cbsd,test-img-3022.jpg
healthy,test-img-3023.jpg
cbsd,test-img-3024.jpg
healthy,test-img-3025.jpg
healthy,test-img-3026.jpg
cgm,test-img-3027.jpg
healthy,test-img-3028.jpg
cbb,test-img-3029.jpg
cbb,test-img-3030.jpg
healthy,test-img-3031.jpg
cbb,test-img-3032.jpg
cgm,test-img-3033.jpg
healthy,test-img-3034.jpg
healthy,test-img-3035.jpg
healthy,test-img-3036.jpg
healthy,test-img-3037.jpg
healthy,test-img-3038.jpg
cbb,test-img-3039.jpg
cbsd,test-img-3040.jpg
healthy,test-img-3041.jpg
healthy,test-img-3042.jpg
healthy,test-img-3043.jpg
cbb,test-img-3044.jpg
healthy,test-img-3045.jpg
cbb,test-img-3046.jpg
cbb,test-img-3047.jpg
healthy,test-img-3048.jpg
healthy,test-img-3049.jpg
healthy,test-img-3050.jpg
cgm,test-img-3051.jpg
cbsd,test-img-3052.jpg
healthy,test-img-3053.jpg
cbb,test-img-3054.jpg
healthy,test-img-3055.jpg
cbsd,test-img-3056.jpg
healthy,test-img-3057.jpg
healthy,test-img-3058.jpg
cbb,test-img-3059.jpg
healthy,test-img-3060.jpg
cbb,test-img-3061.jpg
cgm,test-img-3062.jpg
healthy,test-img-3063.jpg
cbb,test-img-3064.jpg
cbb,test-img-3065.jpg
healthy,test-img-3066.jpg
healthy,test-img-3067.jpg
healthy,test-img-3068.jpg
healthy,test-img-3069.jpg
healthy,test-img-3070.jpg
healthy,test-img-3071.jpg
healthy,test-img-3072.jpg
healthy,test-img-3073.jpg
healthy,test-img-3074.jpg
cbb,test-img-3075.jpg
cbb,test-img-3076.jpg
cbb,test-img-3077.jpg
healthy,test-img-3078.jpg
cbsd,test-img-3079.jpg
healthy,test-img-3080.jpg
cbb,test-img-3081.jpg
cgm,test-img-3082.jpg
cbsd,test-img-3083.jpg
cbsd,test-img-3084.jpg
cbb,test-img-3085.jpg
healthy,test-img-3086.jpg
healthy,test-img-3087.jpg
healthy,test-img-3088.jpg
healthy,test-img-3089.jpg
healthy,test-img-3090.jpg
healthy,test-img-3091.jpg
healthy,test-img-3092.jpg
cbb,test-img-3093.jpg
cbb,test-img-3094.jpg
healthy,test-img-3095.jpg
cgm,test-img-3096.jpg
cbb,test-img-3097.jpg
healthy,test-img-3098.jpg
healthy,test-img-3099.jpg
healthy,test-img-3100.jpg
healthy,test-img-3101.jpg
healthy,test-img-3102.jpg
cbsd,test-img-3103.jpg
healthy,test-img-3104.jpg
healthy,test-img-3105.jpg
cbsd,test-img-3106.jpg
cbsd,test-img-3107.jpg
cbb,test-img-3108.jpg
cbb,test-img-3109.jpg
healthy,test-img-3110.jpg
healthy,test-img-3111.jpg
healthy,test-img-3112.jpg
healthy,test-img-3113.jpg
healthy,test-img-3114.jpg
healthy,test-img-3115.jpg
healthy,test-img-3116.jpg
healthy,test-img-3117.jpg
healthy,test-img-3118.jpg
healthy,test-img-3119.jpg
healthy,test-img-3120.jpg
cmd,test-img-3121.jpg
cbb,test-img-3122.jpg
healthy,test-img-3123.jpg
healthy,test-img-3124.jpg
cbb,test-img-3125.jpg
healthy,test-img-3126.jpg
healthy,test-img-3127.jpg
healthy,test-img-3128.jpg
healthy,test-img-3129.jpg
cbb,test-img-3130.jpg
healthy,test-img-3131.jpg
cbb,test-img-3132.jpg
healthy,test-img-3133.jpg
healthy,test-img-3134.jpg
healthy,test-img-3135.jpg
cbb,test-img-3136.jpg
cbb,test-img-3137.jpg
healthy,test-img-3138.jpg
healthy,test-img-3139.jpg
healthy,test-img-3140.jpg
healthy,test-img-3141.jpg
healthy,test-img-3142.jpg
healthy,test-img-3143.jpg
healthy,test-img-3144.jpg
cbb,test-img-3145.jpg
healthy,test-img-3146.jpg
healthy,test-img-3147.jpg
healthy,test-img-3148.jpg
healthy,test-img-3149.jpg
cmd,test-img-3150.jpg
healthy,test-img-3151.jpg
cbb,test-img-3152.jpg
healthy,test-img-3153.jpg
healthy,test-img-3154.jpg
cmd,test-img-3155.jpg
cmd,test-img-3156.jpg
cbb,test-img-3157.jpg
healthy,test-img-3158.jpg
cbsd,test-img-3159.jpg
cbsd,test-img-3160.jpg
healthy,test-img-3161.jpg
healthy,test-img-3162.jpg
cbsd,test-img-3163.jpg
healthy,test-img-3164.jpg
healthy,test-img-3165.jpg
healthy,test-img-3166.jpg
healthy,test-img-3167.jpg
cbb,test-img-3168.jpg
cbsd,test-img-3169.jpg
healthy,test-img-3170.jpg
cbb,test-img-3171.jpg
healthy,test-img-3172.jpg
cgm,test-img-3173.jpg
healthy,test-img-3174.jpg
cbb,test-img-3175.jpg
cgm,test-img-3176.jpg
cbb,test-img-3177.jpg
cbb,test-img-3178.jpg
cbb,test-img-3179.jpg
healthy,test-img-3180.jpg
healthy,test-img-3181.jpg
cbb,test-img-3182.jpg
healthy,test-img-3183.jpg
healthy,test-img-3184.jpg
healthy,test-img-3185.jpg
cbsd,test-img-3186.jpg
healthy,test-img-3187.jpg
healthy,test-img-3188.jpg
healthy,test-img-3189.jpg
healthy,test-img-3190.jpg
cbb,test-img-3191.jpg
healthy,test-img-3192.jpg
healthy,test-img-3193.jpg
healthy,test-img-3194.jpg
cbb,test-img-3195.jpg
healthy,test-img-3196.jpg
healthy,test-img-3197.jpg
healthy,test-img-3198.jpg
healthy,test-img-3199.jpg
cbb,test-img-3200.jpg
healthy,test-img-3201.jpg
cbsd,test-img-3202.jpg
healthy,test-img-3203.jpg
healthy,test-img-3204.jpg
healthy,test-img-3205.jpg
healthy,test-img-3206.jpg
cbsd,test-img-3207.jpg
cbb,test-img-3208.jpg
healthy,test-img-3209.jpg
cbb,test-img-3210.jpg
cbb,test-img-3211.jpg
healthy,test-img-3212.jpg
healthy,test-img-3213.jpg
cgm,test-img-3214.jpg
healthy,test-img-3215.jpg
cbb,test-img-3216.jpg
healthy,test-img-3217.jpg
cbsd,test-img-3218.jpg
healthy,test-img-3219.jpg
healthy,test-img-3220.jpg
cbb,test-img-3221.jpg
healthy,test-img-3222.jpg
healthy,test-img-3223.jpg
healthy,test-img-3224.jpg
cbb,test-img-3225.jpg
cbsd,test-img-3226.jpg
cbb,test-img-3227.jpg
healthy,test-img-3228.jpg
healthy,test-img-3229.jpg
cbb,test-img-3230.jpg
healthy,test-img-3231.jpg
cbb,test-img-3232.jpg
cbsd,test-img-3233.jpg
cbsd,test-img-3234.jpg
cbb,test-img-3235.jpg
healthy,test-img-3236.jpg
healthy,test-img-3237.jpg
healthy,test-img-3238.jpg
cbb,test-img-3239.jpg
healthy,test-img-3240.jpg
healthy,test-img-3241.jpg
healthy,test-img-3242.jpg
healthy,test-img-3243.jpg
healthy,test-img-3244.jpg
cbb,test-img-3245.jpg
cbb,test-img-3246.jpg
cbb,test-img-3247.jpg
healthy,test-img-3248.jpg
cbb,test-img-3249.jpg
healthy,test-img-3250.jpg
healthy,test-img-3251.jpg
healthy,test-img-3252.jpg
healthy,test-img-3253.jpg
healthy,test-img-3254.jpg
healthy,test-img-3255.jpg
cbsd,test-img-3256.jpg
healthy,test-img-3257.jpg
cmd,test-img-3258.jpg
cbsd,test-img-3259.jpg
healthy,test-img-3260.jpg
healthy,test-img-3261.jpg
cbb,test-img-3262.jpg
cbb,test-img-3263.jpg
healthy,test-img-3264.jpg
healthy,test-img-3265.jpg
healthy,test-img-3266.jpg
cbb,test-img-3267.jpg
healthy,test-img-3268.jpg
healthy,test-img-3269.jpg
cbb,test-img-3270.jpg
healthy,test-img-3271.jpg
cbb,test-img-3272.jpg
cbb,test-img-3273.jpg
healthy,test-img-3274.jpg
healthy,test-img-3275.jpg
cbb,test-img-3276.jpg
cbb,test-img-3277.jpg
healthy,test-img-3278.jpg
healthy,test-img-3279.jpg
cbsd,test-img-3280.jpg
healthy,test-img-3281.jpg
healthy,test-img-3282.jpg
healthy,test-img-3283.jpg
healthy,test-img-3284.jpg
cbb,test-img-3285.jpg
healthy,test-img-3286.jpg
healthy,test-img-3287.jpg
healthy,test-img-3288.jpg
cbsd,test-img-3289.jpg
healthy,test-img-3290.jpg
cbsd,test-img-3291.jpg
healthy,test-img-3292.jpg
healthy,test-img-3293.jpg
healthy,test-img-3294.jpg
cbb,test-img-3295.jpg
cbb,test-img-3296.jpg
cmd,test-img-3297.jpg
cbsd,test-img-3298.jpg
healthy,test-img-3299.jpg
healthy,test-img-3300.jpg
cgm,test-img-3301.jpg
healthy,test-img-3302.jpg
cmd,test-img-3303.jpg
healthy,test-img-3304.jpg
cbsd,test-img-3305.jpg
healthy,test-img-3306.jpg
cbb,test-img-3307.jpg
healthy,test-img-3308.jpg
healthy,test-img-3309.jpg
healthy,test-img-3310.jpg
cbb,test-img-3311.jpg
cbb,test-img-3312.jpg
healthy,test-img-3313.jpg
healthy,test-img-3314.jpg
healthy,test-img-3315.jpg
healthy,test-img-3316.jpg
cbb,test-img-3317.jpg
healthy,test-img-3318.jpg
healthy,test-img-3319.jpg
cbsd,test-img-3320.jpg
healthy,test-img-3321.jpg
cmd,test-img-3322.jpg
healthy,test-img-3323.jpg
healthy,test-img-3324.jpg
healthy,test-img-3325.jpg
healthy,test-img-3326.jpg
healthy,test-img-3327.jpg
healthy,test-img-3328.jpg
cbb,test-img-3329.jpg
cmd,test-img-3330.jpg
healthy,test-img-3331.jpg
cbsd,test-img-3332.jpg
cbsd,test-img-3333.jpg
healthy,test-img-3334.jpg
healthy,test-img-3335.jpg
healthy,test-img-3336.jpg
healthy,test-img-3337.jpg
healthy,test-img-3338.jpg
cbsd,test-img-3339.jpg
cbb,test-img-3340.jpg
cbb,test-img-3341.jpg
cmd,test-img-3342.jpg
cmd,test-img-3343.jpg
healthy,test-img-3344.jpg
cbb,test-img-3345.jpg
cbb,test-img-3346.jpg
healthy,test-img-3347.jpg
healthy,test-img-3348.jpg
cbb,test-img-3349.jpg
healthy,test-img-3350.jpg
healthy,test-img-3351.jpg
healthy,test-img-3352.jpg
cmd,test-img-3353.jpg
healthy,test-img-3354.jpg
cbb,test-img-3355.jpg
healthy,test-img-3356.jpg
healthy,test-img-3357.jpg
cbsd,test-img-3358.jpg
cbb,test-img-3359.jpg
healthy,test-img-3360.jpg
healthy,test-img-3361.jpg
cbb,test-img-3362.jpg
healthy,test-img-3363.jpg
cbsd,test-img-3364.jpg
healthy,test-img-3365.jpg
cbb,test-img-3366.jpg
cbsd,test-img-3367.jpg
healthy,test-img-3368.jpg
healthy,test-img-3369.jpg
healthy,test-img-3370.jpg
cmd,test-img-3371.jpg
healthy,test-img-3372.jpg
healthy,test-img-3373.jpg
healthy,test-img-3374.jpg
healthy,test-img-3375.jpg
healthy,test-img-3376.jpg
cbb,test-img-3377.jpg
cbb,test-img-3378.jpg
cbb,test-img-3379.jpg
healthy,test-img-3380.jpg
healthy,test-img-3381.jpg
cbb,test-img-3382.jpg
healthy,test-img-3383.jpg
cgm,test-img-3384.jpg
cbb,test-img-3385.jpg
cbb,test-img-3386.jpg
cbb,test-img-3387.jpg
healthy,test-img-3388.jpg
cbb,test-img-3389.jpg
healthy,test-img-3390.jpg
healthy,test-img-3391.jpg
cbsd,test-img-3392.jpg
healthy,test-img-3393.jpg
cbsd,test-img-3394.jpg
cbb,test-img-3395.jpg
healthy,test-img-3396.jpg
cbb,test-img-3397.jpg
healthy,test-img-3398.jpg
healthy,test-img-3399.jpg
healthy,test-img-3400.jpg
cbsd,test-img-3401.jpg
healthy,test-img-3402.jpg
healthy,test-img-3403.jpg
healthy,test-img-3404.jpg
cbb,test-img-3405.jpg
healthy,test-img-3406.jpg
healthy,test-img-3407.jpg
healthy,test-img-3408.jpg
cmd,test-img-3409.jpg
healthy,test-img-3410.jpg
cmd,test-img-3411.jpg
healthy,test-img-3412.jpg
cbb,test-img-3413.jpg
cbsd,test-img-3414.jpg
cbsd,test-img-3415.jpg
healthy,test-img-3416.jpg
healthy,test-img-3417.jpg
healthy,test-img-3418.jpg
cgm,test-img-3419.jpg
healthy,test-img-3420.jpg
healthy,test-img-3421.jpg
healthy,test-img-3422.jpg
cbsd,test-img-3423.jpg
healthy,test-img-3424.jpg
healthy,test-img-3425.jpg
healthy,test-img-3426.jpg
cbb,test-img-3427.jpg
healthy,test-img-3428.jpg
healthy,test-img-3429.jpg
cbb,test-img-3430.jpg
cbb,test-img-3431.jpg
healthy,test-img-3432.jpg
cbb,test-img-3433.jpg
cbsd,test-img-3434.jpg
cbsd,test-img-3435.jpg
cbb,test-img-3436.jpg
healthy,test-img-3437.jpg
healthy,test-img-3438.jpg
cmd,test-img-3439.jpg
cbb,test-img-3440.jpg
healthy,test-img-3441.jpg
cbb,test-img-3442.jpg
healthy,test-img-3443.jpg
cbb,test-img-3444.jpg
healthy,test-img-3445.jpg
healthy,test-img-3446.jpg
healthy,test-img-3447.jpg
healthy,test-img-3448.jpg
healthy,test-img-3449.jpg
cmd,test-img-3450.jpg
cbb,test-img-3451.jpg
cbb,test-img-3452.jpg
cbb,test-img-3453.jpg
cbb,test-img-3454.jpg
healthy,test-img-3455.jpg
healthy,test-img-3456.jpg
healthy,test-img-3457.jpg
healthy,test-img-3458.jpg
cbb,test-img-3459.jpg
cbb,test-img-3460.jpg
healthy,test-img-3461.jpg
cbb,test-img-3462.jpg
healthy,test-img-3463.jpg
healthy,test-img-3464.jpg
healthy,test-img-3465.jpg
cbsd,test-img-3466.jpg
cbsd,test-img-3467.jpg
healthy,test-img-3468.jpg
healthy,test-img-3469.jpg
healthy,test-img-3470.jpg
healthy,test-img-3471.jpg
cbb,test-img-3472.jpg
healthy,test-img-3473.jpg
cgm,test-img-3474.jpg
cbb,test-img-3475.jpg
healthy,test-img-3476.jpg
cmd,test-img-3477.jpg
healthy,test-img-3478.jpg
cmd,test-img-3479.jpg
cbsd,test-img-3480.jpg
cbb,test-img-3481.jpg
healthy,test-img-3482.jpg
healthy,test-img-3483.jpg
healthy,test-img-3484.jpg
cmd,test-img-3485.jpg
healthy,test-img-3486.jpg
healthy,test-img-3487.jpg
healthy,test-img-3488.jpg
healthy,test-img-3489.jpg
healthy,test-img-3490.jpg
cgm,test-img-3491.jpg
cbb,test-img-3492.jpg
healthy,test-img-3493.jpg
healthy,test-img-3494.jpg
healthy,test-img-3495.jpg
healthy,test-img-3496.jpg
cbb,test-img-3497.jpg
healthy,test-img-3498.jpg
cbb,test-img-3499.jpg
healthy,test-img-3500.jpg
healthy,test-img-3501.jpg
cbsd,test-img-3502.jpg
cbb,test-img-3503.jpg
cbb,test-img-3504.jpg
healthy,test-img-3505.jpg
cmd,test-img-3506.jpg
healthy,test-img-3507.jpg
healthy,test-img-3508.jpg
cbb,test-img-3509.jpg
cgm,test-img-3510.jpg
cbb,test-img-3511.jpg
healthy,test-img-3512.jpg
cbb,test-img-3513.jpg
healthy,test-img-3514.jpg
healthy,test-img-3515.jpg
cbsd,test-img-3516.jpg
healthy,test-img-3517.jpg
healthy,test-img-3518.jpg
cgm,test-img-3519.jpg
cbb,test-img-3520.jpg
healthy,test-img-3521.jpg
cbsd,test-img-3522.jpg
cbb,test-img-3523.jpg
cbsd,test-img-3524.jpg
healthy,test-img-3525.jpg
cbb,test-img-3526.jpg
healthy,test-img-3527.jpg
healthy,test-img-3528.jpg
healthy,test-img-3529.jpg
cbb,test-img-3530.jpg
cbsd,test-img-3531.jpg
cbsd,test-img-3532.jpg
healthy,test-img-3533.jpg
healthy,test-img-3534.jpg
cgm,test-img-3535.jpg
healthy,test-img-3536.jpg
cmd,test-img-3537.jpg
healthy,test-img-3538.jpg
healthy,test-img-3539.jpg
healthy,test-img-3540.jpg
cbsd,test-img-3541.jpg
cbb,test-img-3542.jpg
healthy,test-img-3543.jpg
healthy,test-img-3544.jpg
cbb,test-img-3545.jpg
healthy,test-img-3546.jpg
cgm,test-img-3547.jpg
cgm,test-img-3548.jpg
healthy,test-img-3549.jpg
healthy,test-img-3550.jpg
cmd,test-img-3551.jpg
cbb,test-img-3552.jpg
cbb,test-img-3553.jpg
cbb,test-img-3554.jpg
healthy,test-img-3555.jpg
healthy,test-img-3556.jpg
cmd,test-img-3557.jpg
healthy,test-img-3558.jpg
cbsd,test-img-3559.jpg
healthy,test-img-3560.jpg
cbb,test-img-3561.jpg
healthy,test-img-3562.jpg
cbb,test-img-3563.jpg
cbb,test-img-3564.jpg
healthy,test-img-3565.jpg
cbb,test-img-3566.jpg
cbb,test-img-3567.jpg
cbb,test-img-3568.jpg
cbb,test-img-3569.jpg
healthy,test-img-3570.jpg
healthy,test-img-3571.jpg
healthy,test-img-3572.jpg
healthy,test-img-3573.jpg
healthy,test-img-3574.jpg
cmd,test-img-3575.jpg
healthy,test-img-3576.jpg
cbb,test-img-3577.jpg
healthy,test-img-3578.jpg
healthy,test-img-3579.jpg
healthy,test-img-3580.jpg
cbsd,test-img-3581.jpg
healthy,test-img-3582.jpg
healthy,test-img-3583.jpg
healthy,test-img-3584.jpg
cbb,test-img-3585.jpg
healthy,test-img-3586.jpg
healthy,test-img-3587.jpg
healthy,test-img-3588.jpg
cbsd,test-img-3589.jpg
healthy,test-img-3590.jpg
healthy,test-img-3591.jpg
cbb,test-img-3592.jpg
healthy,test-img-3593.jpg
healthy,test-img-3594.jpg
healthy,test-img-3595.jpg
healthy,test-img-3596.jpg
cbb,test-img-3597.jpg
healthy,test-img-3598.jpg
healthy,test-img-3599.jpg
cbb,test-img-3600.jpg
healthy,test-img-3601.jpg
cbb,test-img-3602.jpg
cbb,test-img-3603.jpg
cmd,test-img-3604.jpg
cmd,test-img-3605.jpg
cgm,test-img-3606.jpg
cbb,test-img-3607.jpg
cmd,test-img-3608.jpg
cbb,test-img-3609.jpg
healthy,test-img-3610.jpg
cbb,test-img-3611.jpg
healthy,test-img-3612.jpg
healthy,test-img-3613.jpg
healthy,test-img-3614.jpg
healthy,test-img-3615.jpg
healthy,test-img-3616.jpg
cbb,test-img-3617.jpg
cgm,test-img-3618.jpg
healthy,test-img-3619.jpg
cbb,test-img-3620.jpg
cgm,test-img-3621.jpg
cbsd,test-img-3622.jpg
healthy,test-img-3623.jpg
healthy,test-img-3624.jpg
healthy,test-img-3625.jpg
healthy,test-img-3626.jpg
cbb,test-img-3627.jpg
healthy,test-img-3628.jpg
healthy,test-img-3629.jpg
healthy,test-img-3630.jpg
cmd,test-img-3631.jpg
cbsd,test-img-3632.jpg
cbb,test-img-3633.jpg
healthy,test-img-3634.jpg
cbb,test-img-3635.jpg
healthy,test-img-3636.jpg
healthy,test-img-3637.jpg
healthy,test-img-3638.jpg
healthy,test-img-3639.jpg
cbsd,test-img-3640.jpg
healthy,test-img-3641.jpg
cbb,test-img-3642.jpg
healthy,test-img-3643.jpg
cbb,test-img-3644.jpg
cbb,test-img-3645.jpg
cbb,test-img-3646.jpg
cgm,test-img-3647.jpg
healthy,test-img-3648.jpg
healthy,test-img-3649.jpg
cbsd,test-img-3650.jpg
healthy,test-img-3651.jpg
cbb,test-img-3652.jpg
cgm,test-img-3653.jpg
healthy,test-img-3654.jpg
cbsd,test-img-3655.jpg
cgm,test-img-3656.jpg
healthy,test-img-3657.jpg
healthy,test-img-3658.jpg
healthy,test-img-3659.jpg
healthy,test-img-3660.jpg
healthy,test-img-3661.jpg
healthy,test-img-3662.jpg
cbsd,test-img-3663.jpg
cbb,test-img-3664.jpg
healthy,test-img-3665.jpg
healthy,test-img-3666.jpg
healthy,test-img-3667.jpg
healthy,test-img-3668.jpg
healthy,test-img-3669.jpg
cbb,test-img-3670.jpg
cgm,test-img-3671.jpg
cbb,test-img-3672.jpg
healthy,test-img-3673.jpg
cmd,test-img-3674.jpg
healthy,test-img-3675.jpg
cbb,test-img-3676.jpg
cbb,test-img-3677.jpg
cbb,test-img-3678.jpg
cbb,test-img-3679.jpg
cbb,test-img-3680.jpg
healthy,test-img-3681.jpg
healthy,test-img-3682.jpg
healthy,test-img-3683.jpg
healthy,test-img-3684.jpg
healthy,test-img-3685.jpg
healthy,test-img-3686.jpg
cbb,test-img-3687.jpg
healthy,test-img-3688.jpg
cbb,test-img-3689.jpg
healthy,test-img-3690.jpg
cbb,test-img-3691.jpg
cmd,test-img-3692.jpg
cbsd,test-img-3693.jpg
cbb,test-img-3694.jpg
cbb,test-img-3695.jpg
cmd,test-img-3696.jpg
healthy,test-img-3697.jpg
cmd,test-img-3698.jpg
healthy,test-img-3699.jpg
cbsd,test-img-3700.jpg
cbb,test-img-3701.jpg
healthy,test-img-3702.jpg
cmd,test-img-3703.jpg
cbb,test-img-3704.jpg
cbsd,test-img-3705.jpg
cmd,test-img-3706.jpg
cbb,test-img-3707.jpg
healthy,test-img-3708.jpg
healthy,test-img-3709.jpg
healthy,test-img-3710.jpg
healthy,test-img-3711.jpg
healthy,test-img-3712.jpg
healthy,test-img-3713.jpg
cgm,test-img-3714.jpg
healthy,test-img-3715.jpg
cbb,test-img-3716.jpg
cgm,test-img-3717.jpg
healthy,test-img-3718.jpg
healthy,test-img-3719.jpg
cbb,test-img-3720.jpg
healthy,test-img-3721.jpg
healthy,test-img-3722.jpg
cbb,test-img-3723.jpg
cmd,test-img-3724.jpg
cbb,test-img-3725.jpg
healthy,test-img-3726.jpg
healthy,test-img-3727.jpg
cbsd,test-img-3728.jpg
healthy,test-img-3729.jpg
cbsd,test-img-3730.jpg
cbb,test-img-3731.jpg
healthy,test-img-3732.jpg
cbb,test-img-3733.jpg
healthy,test-img-3734.jpg
healthy,test-img-3735.jpg
healthy,test-img-3736.jpg
healthy,test-img-3737.jpg
healthy,test-img-3738.jpg
healthy,test-img-3739.jpg
cbb,test-img-3740.jpg
healthy,test-img-3741.jpg
healthy,test-img-3742.jpg
cbb,test-img-3743.jpg
cbb,test-img-3744.jpg
healthy,test-img-3745.jpg
cbb,test-img-3746.jpg
cbb,test-img-3747.jpg
healthy,test-img-3748.jpg
healthy,test-img-3749.jpg
healthy,test-img-3750.jpg
healthy,test-img-3751.jpg
cbb,test-img-3752.jpg
cbb,test-img-3753.jpg
cbb,test-img-3754.jpg
cbb,test-img-3755.jpg
cbb,test-img-3756.jpg
cbb,test-img-3757.jpg
healthy,test-img-3758.jpg
healthy,test-img-3759.jpg
healthy,test-img-3760.jpg
cbsd,test-img-3761.jpg
cbb,test-img-3762.jpg
cbb,test-img-3763.jpg
cbb,test-img-3764.jpg
healthy,test-img-3765.jpg
cbb,test-img-3766.jpg
cbb,test-img-3767.jpg
cbb,test-img-3768.jpg
healthy,test-img-3769.jpg
cbsd,test-img-3770.jpg
cbb,test-img-3771.jpg
healthy,test-img-3772.jpg
healthy,test-img-3773.jpg
